question_id,difficulty_logit,discrimination
006aad69-8ef5-40fe-9e0c-e8b7b1c5823d,-2.0794415416798353,0.686336685002239
00e1319d-d63b-42db-8a70-579a4e3f4e4f,1.01160091167848,0.6144611796402631
011b09a6-1374-4ca5-bdc6-8f98dcaad70b,-1.0567499433071974,0.5186163567201296
013af7c9-d1c8-4e3e-aefc-8884cec4f817,-5.0,0.0
01756779-f9d9-449d-99c6-39486127b379,0.9162907318741551,0.639516955517553
0189d31d-9145-48b1-aa49-dcd3ec733641,0.2876820724517809,0.35217053891350697
018d7f21-5791-472f-8a26-bd8a93d4da2f,1.3862943611198906,0.7675838186899823
019b81a6-4388-4ce2-9885-cfcdb6d886e4,0.1823215567939546,0.30698705927001185
01ba0e48-0854-470e-8022-249dd3a67b54,-0.4054651081081642,0.660199831779389
022c3b8f-4dbc-4bf4-98fa-e36f3c1427dd,-0.6931471805599452,0.21178719263583298
02476791-3124-43bc-a743-e3ec3a7cdd72,-5.0,0.0
025c31e3-2baa-4c27-b276-f3aa62b1bb89,0.5970398703826024,0.27891549539835125
0261f765-8516-4ad1-8630-043cf48465d3,-0.2006706954621514,0.0653645114131167
02e93e4d-980a-4e30-8377-d1645ea07fac,0.4054651081081643,0.3946142328819997
03822320-aa78-4bac-ada2-691e5a78717c,1.01160091167848,0.0
03a03e89-1c17-4f87-8c92-e0fbbd4f280d,-1.7917594692280545,0.5094070215800962
043eb2c0-d458-4415-a19b-5fe5f366e1e4,-5.0,0.0
04483c34-c2ca-4e41-b80a-29e79d23b5d7,-5.0,0.0
0477ca96-6a5b-4d41-b2e4-30b5df707cba,0.2876820724517809,0.47355363154536606
05523c67-63a6-498e-85e0-15d975755604,-0.9808292530117263,0.0299250386289766
0579fa95-dd19-4976-8074-f79e129139ef,-1.3862943611198908,0.8852188661116579
060e52ae-bda2-4d19-bdf8-d76028b2f4d5,1.6094379124341005,0.1453936071850366
0621cd71-94f8-4b27-b697-63fffada9341,0.2876820724517809,0.0
068109db-71b3-4145-ba65-9a30c719d8da,1.749199854809259,0.1481492703332446
06b035e0-f6bc-4718-b64a-d98c429ab2dc,0.35667494393873245,0.1461053734664121
0712a553-a972-4776-9197-d39e2aa5dcb6,-0.1316583821500004,0.32284889620485496
073769c4-8a66-422e-a1bc-13fb59402ad9,-5.0,0.0
074ac3ab-9769-4c5f-abfd-c98b7e58ca36,-1.3862943611198908,0.049644645163112205
07cd4227-50a2-4296-b26d-de202add01a1,-1.9459101490553132,0.8872983610645002
07e9cfc6-ccc4-4d49-92d5-c4802d52746f,0.2876820724517809,0.16679425811107287
07f7f8e7-b711-4376-839f-537b9c9eb617,-0.6931471805599452,0.5528676307906882
08132efc-8fb9-4cc7-9c01-39214d524bd9,-0.6931471805599452,0.6568124011061581
083b5698-a1c6-484c-bc81-23dd3e08c373,-0.6931471805599452,0.6553466191769343
085c2c85-3609-45e6-a682-a2fb9e173541,-2.0794415416798353,0.8793549381094254
0889e8a5-37c6-49a7-a9b2-ce501ff2adc4,-1.0986122886681098,0.0
089b2acd-ccf2-4188-a2dc-8932d4e6caf5,-0.5518336474933677,0.48008060936537966
08b758c3-7842-4d3c-97a9-621ed3a2167a,0.0540672212702757,0.316041066042099
08c003b4-cdf4-4464-b7c6-47f9e3fb3b99,-1.6094379124341007,0.0
08c01c62-19b0-427f-9e0c-f88096f067cd,-0.0,0.0
0988fdcc-5263-4358-9044-f118cb3ea812,-2.3978952727983702,0.0
09aa518d-551a-4c81-a268-cbc846f505b6,-0.5228287686273464,0.7970261763627543
09e5055e-66f4-4bfe-bba3-f887cfbac5b0,-0.41474591718263726,0.625069044637892
0a2b6818-3468-47e4-a63c-b04773cae94a,-5.0,0.0
0a2d2aa0-5dae-4a96-8c6a-634ba2d5baaf,-1.287854288306638,0.2515581280291257
0a4a87ee-23f6-486f-b472-4180c9c3c15a,-0.3269027856050624,0.3664839862471544
0a507974-175e-47ab-95a5-7a13d601b774,-1.0608719606852628,0.2997030334109868
0aa1190a-9c99-4ca3-96b8-e0951cde2a5e,-5.0,0.0
0ab2fe74-151f-432a-a98f-7ec00b9e77cd,-1.3411739258394213,0.4430649306323366
0ae9b85e-5cfc-478c-b0a3-108aebfaec79,-0.9555114450274362,0.3175589948159571
0afba8f8-cb8f-47e4-9bbf-05a8844e93b4,-0.9162907318741551,0.5617616535750428
0bc8a2f4-9a55-4e0b-b9ec-bb4c55e6a33f,-0.41008405396445907,0.6919946369714338
0bedb643-f26a-414a-b88f-d59f94ae43a7,-1.2039728043259361,0.0
0bfe4d12-5752-4126-a629-e917fcaf365c,-0.4054651081081642,0.20948377484848849
0c660ddb-dae3-4431-9819-774370c2ad10,-0.4054651081081642,0.6977748284406012
0cbdba98-1230-43cd-94b7-e34e022a3f74,-2.3025850929940455,0.0
0cf7f2c4-c4cd-4076-8863-d9274b50f700,1.3862943611198906,0.13622167614166367
0d3819a1-d618-4081-804c-8681be0037f6,0.02409755157906064,0.32782275639389835
0d470f0a-50d8-4dc5-a46e-729e3da53c1e,-0.4054651081081642,0.0
0d5f6fa6-fd7e-4c2a-9c1d-2f9e06fea62a,-0.0,0.2942909302278962
0d655400-6d57-4c19-8879-5062f273fb5b,-5.0,0.0
0d674c5c-ce9b-4ab2-826e-52065f562452,-0.0,0.516498647631713
0dbfbb99-e6e0-430a-ab26-134a4d4a78c6,0.2876820724517809,0.4179510513568719
0de00fc5-8e8f-4030-8223-426317c55c9d,0.6931471805599454,0.0
0e412e00-0ed7-4718-9ee9-ff4c6ea04752,-0.1823215567939544,0.24630822440743552
0e635c4f-7a13-4587-b402-4069f263c8a3,-2.3978952727983702,0.777073648773102
0e6fb488-15da-4cdb-8057-fc44241cad5c,-0.6931471805599452,0.966843209442947
0f661252-a089-44ca-9ab4-7b258035f44d,-0.6931471805599452,0.0
0f77e48a-4ad9-425d-a047-c322c93f10f4,-0.3053816495511821,0.4013007119900928
0f810c9b-4cd6-41bb-93cd-5a67a9164d1c,-0.6931471805599452,0.0
0fa3c90a-420c-4e5b-baa6-74efc4ed3622,0.4054651081081643,0.0
1043c99c-67f3-4e93-bc35-c661af7c4153,-0.26133120652437725,0.5052600353697435
10ab7a09-a2c1-4861-8e05-98fd1523f753,1.1786549963416462,0.07135326609095557
11036bbf-7758-4f08-b9d8-32b205659c14,-0.9162907318741551,0.5354561459040759
12414b40-199c-4bfd-8049-c0e90e9df264,-1.3862943611198908,0.0
127597bb-adf3-456b-8003-5685925f8e61,-1.252762968495368,0.5541033955199476
12dde521-090e-4e0e-aa39-2f3878a74f8b,0.2876820724517809,0.0
12e376f2-8a4e-4ef6-b080-882f92a783aa,-0.5108256237659907,0.052696236232173746
12eea6f3-914d-46df-8bf9-9752ebe2571e,-1.0986122886681098,0.0
130a6593-819b-487b-838f-a40a21a3d5bc,-5.0,0.0
13405d77-0590-40da-b1d8-02f065234232,-0.5667060821604475,0.4722313197298099
13408ee2-20ec-4799-bc27-9fcb64bd56c5,-0.28768207245178085,0.7773116462856203
135b496d-f0ea-4b6b-817a-cedd72a5eab3,-0.06899287148695163,0.06834900147816338
1363d8a6-57f5-4464-82bc-fe41c42cabbf,5.0,0.0
136f2e3b-5bdb-46a2-889c-b87340ecbce5,-3.583518938456112,0.03753385413381973
13898d43-f6dd-4750-8ec5-ef55038694b7,-0.28768207245178085,0.77339909504824
13d92089-a2f0-41f2-8faf-e91f48e0bcd4,-2.564949357461537,0.4704356810935889
13ded077-0e58-48d2-8280-fd1bed21f99c,-0.0,0.3343985173134854
13e8fe5c-4683-4d70-b070-5b609d0141c2,0.11778303565638351,0.046177772358104496
142186a8-6865-495c-8168-2c39d8c43179,-0.6931471805599452,0.5528676307906882
145dd1c3-ea8a-46e5-8ce9-71197e88f7b9,-5.0,0.0
14630a7f-43bc-479e-9e00-bd7b6cdae193,-1.7917594692280545,0.19464033674608422
146ca553-fd41-4e72-b8c2-abbba36b091d,0.4054651081081643,0.30327218701281655
14816d0d-18fb-4675-a4b1-31cda7cc543b,-0.9162907318741551,0.23824286877685238
14f32b1a-e238-493e-91fe-74c43e245d46,-5.0,0.0
151cdf2a-27ae-41a6-93a6-330fef089791,-0.8472978603872034,0.7370665543686247
15631bf3-273b-4924-8768-9a97638276c7,-0.5688776356739551,0.6484986353654453
15ae01d6-5af8-4beb-8e3e-a8e29e89ccb0,-1.6094379124341007,0.0
15e9345f-56a8-4aee-848c-339968d055c2,-1.5040773967762744,0.0
162d7d0e-3805-4a25-b4cf-1d7b6f981368,-5.0,0.0
164843e6-4289-4ce1-b82e-2df301053aa9,0.5328045304847661,0.3070723758587365
16a423e9-78fb-48a9-bb67-11ad22f4128f,-2.1972245773362196,0.3935698016487054
16ef6ab8-6dc7-49e3-bd27-f98bc308543e,0.43531807125784566,0.0
16f60a87-0f40-4c8f-bf5d-49a5bd6472e7,-0.28768207245178085,0.23530416419413544
1707986f-5bee-4ab0-83f3-3c8555d3bad5,-1.3862943611198908,0.15282205997244847
175c716c-5f81-4499-9c27-0f817106ae74,0.5108256237659907,0.8089622776138405
17a17efd-4cd6-4f67-aa22-13d5e2e5c730,-1.3862943611198908,0.0
186155dc-e5e5-456a-b055-2c9f05dd5b46,-0.34652257247471424,0.7522221266014691
18bc2f4b-5c19-4461-92c8-50a0ee2df4af,0.024692612590371636,0.2694253541520173
19230d23-a8d0-44ed-97b0-3c40cb89b7fe,-1.1526795099383855,0.47411536340240695
1979f0c8-0da8-4d5d-9d15-f14f6887acdd,-1.3862943611198908,0.5981263899949297
198bc0c7-07ce-4afe-9e7a-3680d8265f07,-0.8160141112536013,0.6543185610144074
19cadd92-4520-435c-befe-b220b215645b,0.32542240043462783,0.22746694484778135
1a0dcb05-7ac6-44f5-b3dc-4c614b2b6f5a,0.6931471805599454,0.0
1a480432-284e-40ef-821b-eb432a7a7f17,-1.6094379124341007,0.5251792290589373
1b4916e5-6f64-496c-a956-a5d119bd827d,0.7963314167951762,0.0
1bf8604f-c36c-4df6-9c9e-574318f95e42,5.0,0.0
1c0f4f75-493a-4497-88d1-c5528cfaf106,-0.13353139262452257,0.5511091841132741
1c43dd35-1fa7-4d2e-ad47-e2007082b814,-1.252762968495368,0.8275805232885881
1c7f50fc-6710-49eb-a1a7-255730933d3b,-0.7514160886839212,0.40071532219874945
1c9675cf-1806-45b8-ac29-50cddc981805,-0.5596157879354227,0.0
1d00ed89-571e-41ff-b1a0-c1b9ba05a719,5.0,0.0
1d29630c-ad3d-4b34-adf4-40222a266987,-0.6931471805599452,0.21040696283802168
1d71c1d0-9018-4cf0-89d0-1b28858fdcf8,-1.5040773967762744,0.0
1d9c48c1-4678-4dc5-807a-d88c15c0175e,1.7404661748405046,0.28918055303053525
1dd5a203-d5c6-4172-9ee3-9a4097c0551d,-0.9808292530117263,0.6601132468115566
1ddf5567-f3e6-4b14-9350-99095f5d22c1,-0.9808292530117263,0.24024507930840736
1df22768-d2b4-4038-ac14-db47a368d0b7,-1.7917594692280545,0.0
1e446691-32fd-41d1-b4aa-6ba74571558f,-0.0,0.9632960060100154
1e78415e-3994-4459-b50f-855d6bb98a27,-0.6931471805599452,0.2006748111326127
1ea63374-23e5-46c9-a82a-8f49f89556b4,0.4054651081081643,0.652638463738205
1f243f56-869e-48c8-888b-4de42e62ecd9,-1.3862943611198908,0.37464540058733037
1f3b39c3-38e6-4170-853b-7c440b66c807,-0.6931471805599452,0.5879365033766107
1f7301db-c930-4a7b-8100-c048b21f57dd,-1.6094379124341007,0.0
1fb7c361-f268-45d9-80e0-eee14a11e0b7,0.46134556650262093,0.48858083126906204
1fd4802c-0137-44c8-9a61-3ae1642b6923,-1.6094379124341007,0.0
1fdd7cdf-91af-456e-a59b-f5c8bb464133,-0.8472978603872034,0.6746201910639192
2026fd3c-27bd-46ec-b0e4-092e826c42cb,-5.0,0.0
204186cf-1f7a-4bbf-92c3-8bdb941fb8d8,-0.8672188378817582,0.5298580519644593
2059cc23-456d-4a4d-85a3-f5f00508c7d4,-0.4054651081081642,0.7247881719321143
2064029a-ef88-4c0a-99c1-901ba0f97097,-5.0,0.0
213373b4-cdd4-4d20-88cf-a17cab9bbce6,-1.3862943611198908,0.30865492514954707
21f4dcb1-de08-41e6-ac2c-70d5191b715b,0.6931471805599454,0.3142619490263284
2206a186-d9c7-4e36-baa0-76717ed0c445,-0.8472978603872034,0.36687942617354724
228b8561-54c8-47c9-a9ae-6713e0a2786e,-2.3025850929940455,0.23956475727350587
22b6bdbd-fc6f-4e8f-aba4-e63c5feff395,-0.6931471805599452,0.09573280084252113
22df649d-142a-404b-98f8-de9c43fdd04e,-5.0,0.0
22f4575b-2be2-4df2-a7ce-9b1448123604,-2.3025850929940455,0.8418045822025658
22fea3f6-fb34-462d-bced-a7137db98823,-2.0794415416798353,0.0
232a1014-de0c-4ead-aab2-a4df2111c4c9,-1.3862943611198908,0.0
2350dbad-879d-4846-9aa3-921b85a26bbe,-0.43078291609245434,0.0
2379bf29-6ae0-4d47-8a46-28ca2e27f141,-1.5040773967762744,0.43139242854867615
237ee03e-4201-487c-8379-38c9ec00e190,-1.9459101490553132,0.0
23ea8950-d0e6-4738-aaa4-c04632433c7b,-1.3862943611198908,0.8254923716115309
240eff8c-2413-40a5-bb80-690db289710d,0.3844116989103322,0.34477774659561683
24602024-a4aa-448d-af25-0bc84283a733,-2.1972245773362196,0.7182928951786088
24a22da9-4e8a-45f0-8649-c832c21f1b83,0.5108256237659907,0.43381789212911104
24c17865-21c2-4518-8474-111bb672c26c,-0.5877866649021192,0.38228886339387647
256a9cb7-198b-440b-83b3-ec362d76c712,-0.4054651081081642,0.4113832677873136
25770751-57c5-4fb4-b51a-39a7e86efd5d,-0.0,0.17730713211187038
259b9885-4d6b-4d83-b9bb-745842d03b3b,-0.8109302162163288,0.535823252446536
25c55578-c42c-4028-8953-fb1e2653a3e0,5.0,0.0
26a264a9-f237-4104-a278-4da6bc351a8b,-1.6094379124341007,0.7504576565859286
26a93780-b8fd-4558-8b4c-470d45821e11,-5.0,0.0
26ef96f9-b2af-47b4-836e-f6a2ca53007e,-5.0,0.0
27190653-0172-4564-871c-44bd8ce346a3,0.2876820724517809,0.7495017697273624
27366f21-1266-4a1d-a8a8-3dde6a090494,-5.0,0.0
2736b635-69a6-4878-8096-662e6ca7bd17,1.3862943611198906,0.7462477569910209
27a65b2b-acda-4383-ade0-614757752185,-0.7971368940839929,0.6602433928441738
27fac23e-cd2f-4e5f-821a-fa90448e7933,-0.22314355131420993,0.5689060520818965
280bb9d9-58ef-4748-ad44-7a3424721bb0,0.4054651081081643,0.0
28341dbd-077c-4bf7-a8ed-e30269a281ac,-1.9459101490553132,0.41375316303576803
28900653-81a3-4636-bf20-990ec673ea00,-0.4054651081081642,0.36490640683275843
28a4f3bd-8d4b-471b-976e-e69bdc438be3,0.2623642644674911,0.4170563050640184
29077e92-39ef-4471-94ea-3bb0c8174b12,-1.0986122886681098,0.020193473122912586
2914a43c-b154-4c5c-a20b-c17120479b1f,-1.3862943611198908,0.3822866764995799
29469e78-62fc-4135-b3fa-6a1b2d3e0a31,-1.0986122886681098,0.8277532807359826
297185bf-adfa-4e92-9e55-534779aa14a9,-0.15415067982725816,0.412506057524021
2987f686-966d-401b-91b2-910a02492256,0.8472978603872036,0.3136943060395478
29b3a64d-2192-48d4-84e3-48b93a1e6a98,-1.9459101490553132,0.7661581565904012
29cb7c93-f6c1-4042-a5a4-42090c81ec40,-0.6931471805599452,0.5528676307906882
29cf40cc-435d-4999-b088-1cfd58718d5f,-5.0,0.0
2a605599-1997-425a-952f-e8ce1d0d5090,-0.4054651081081642,0.34313254179867214
2ad4cd66-266d-4387-8847-b01f97a59269,-0.0691918566632123,0.5037490894527722
2ad52c88-fd5e-43b8-9308-8a1ad163d6f6,-1.7917594692280545,0.27934226896709413
2b7e079e-3569-434d-b660-a4eac78934b8,-0.8754687373539001,0.43076314871789045
2bbf3524-cb1d-4d2e-a704-54ad517ab1d5,-1.9459101490553132,0.32199697340042027
2cb10e52-973f-446a-badc-40a655fc9ab7,-0.4565202789084486,0.7790368590016722
2cd9b97c-1489-4d75-98ee-bcc0b3843298,-0.9162907318741551,0.16735881599609598
2cdfaa35-288e-4773-825d-9cb6bc87c093,-0.0,0.0
2ce75c4e-02de-4f09-94ff-8b9990a7cb9d,-1.0986122886681098,0.6903440618124981
2d18a461-985e-4704-810d-0f3b77ec8f05,-0.4054651081081642,0.9334655141231472
2d1cf46b-df84-4c56-8885-8b65d997fb79,-0.0,0.0
2da61fc4-73a7-46af-8738-8ed41eccfe82,-0.8472978603872034,0.8561881956723411
2dbd0e94-b2cb-4abe-b496-abe215bc845b,-0.9808292530117263,0.25538288330489894
2ec7f678-18b6-432d-867c-ae30518c372b,-0.4054651081081642,0.8231187899083048
2efc6666-6bb7-4641-b69f-10510ca7c68e,-0.965080896043587,0.4014868090882502
2f063517-5b47-45dd-aa54-b6842453566a,0.4054651081081643,0.522673987101753
302adbc5-6acd-4bda-a3f2-ed66330890dc,1.252762968495368,0.6545422487473843
3076ff90-da8b-487c-b1c7-3e3503f33731,-0.28768207245178085,0.44811933608370524
30782a4e-4a59-4600-a3ea-702b624b456a,-0.32277339226305085,0.7872942707014652
3079ceb5-a96b-4e0d-8c14-273f96a399de,-0.6931471805599452,0.8256235890673727
30858889-6097-449e-903a-482f5ea82ec9,-0.9162907318741551,0.31948027055429196
30a53390-e31f-47a6-8863-ed9f3c16d568,0.2623642644674911,0.20602625543613237
30af8ebb-1301-49f6-a0ef-b97cacd270a2,0.0800427076735365,0.5119171232218078
30bb7fec-c9a7-45ec-82ec-9a075cf62769,-5.0,0.0
30d5ac64-735c-40c1-a790-7f9312ae904b,-0.8754687373539001,0.15092477469820859
310bbf57-5440-4dca-83bf-54f484bd2adf,-0.8472978603872034,0.2871692818052107
311f728c-8807-4c54-bda9-72bc3ff97b7f,0.8056251639866355,0.13030632036305173
31236ceb-c68e-4475-a790-e19bd90638cd,-1.9459101490553132,0.42588009385073455
317aa4bd-67b2-4bb3-866c-a8ef2fc10e48,-0.6931471805599452,0.5689607714529845
3185303e-c70a-4c05-b555-1f47bfa9758d,-0.8466300807296668,0.47635369326413046
318a5091-5e6f-46f0-aa13-da659fb6e3b2,0.2876820724517809,0.7932920394041837
31d75f85-f996-4dee-b864-31d94f4f6e92,-2.3025850929940455,0.7527134834492943
31ee498d-96a7-4c68-86cb-63d1bb305e62,-0.9162907318741551,0.331724576959841
31fc0882-b99d-42a2-8f93-d9ef838159d1,-1.252762968495368,0.7798873555171729
3256eb37-e76f-4eda-83b4-b02c8834421c,-0.6931471805599452,0.8343849215039222
328012a9-73d3-4457-9a20-95c2ee3a933e,-0.4054651081081642,0.0
32b1b90d-4342-489a-a321-b92d594f432e,-5.0,0.0
32bb93ee-e618-4cc9-8778-a575b312d350,-1.3862943611198908,0.20124505030767129
335dd0d6-7aee-478f-8c2b-e327bd6e2fac,0.21130909366720677,0.3520519766936502
34356a08-92a0-4c5e-a810-2c68e31351d6,-0.8367087475444053,0.7590624955329813
348f94a5-6485-43e5-9955-4f7137b517b0,-0.8472978603872034,0.6464117130722752
34918edb-4bef-4431-80b5-3387f192967c,-0.6931471805599452,0.0
349d83c2-28b5-428a-a8e6-c617fb53c7ec,-5.0,0.0
34d8b418-7bea-4539-9fda-77acf4316096,-0.0,0.7485561378073766
3550d6f7-d337-4c5b-9d7b-7a27810b8d41,-0.0,0.1415318338539673
359a2016-746e-48e4-800f-886bdb9f8427,-1.0986122886681098,0.8006404012924733
35a5c93a-b5d2-4aa0-b2bc-f73f871210d6,-1.9459101490553132,0.11463199532642568
35e642d0-2fda-428e-860c-62781c17f77b,-0.4054651081081642,0.16531337249488742
35e8a5ae-e2bd-4f31-98b2-65e5ddf266ff,-0.9932517730102833,0.5000424430450742
36146e27-8726-44ea-81d6-a763b8868cd8,1.3862943611198906,0.6856402980014893
36315f39-dc89-43b5-a543-89b1559d10bf,-0.8472978603872034,0.37441199868478237
363b7590-a9b7-4f69-bad5-7acb6d63f266,-2.1972245773362196,0.20642830173155058
36c1d4a6-ccc5-4fed-8cd0-9ba8190f9b2f,-0.5004397737338682,0.7036338517805122
36d58055-b6a7-4095-8b32-ca89c4f7dcb6,0.5447271754416722,0.03443856175994659
379069d6-6f43-4105-a394-d0f8657d4fbb,-5.0,0.0
3794b311-9bf7-47e7-b537-622838243f6a,-0.4736466205242368,0.32081433169856405
37ee75e4-1f2c-4ec5-8620-69722d05f267,-1.535329940280379,0.5108356184835022
37fe1ed3-e0df-45cf-b281-d5513ffc18a8,-0.0,0.49404864455747777
38007514-9592-4e4f-aa03-1208abb0a64e,-1.3862943611198908,0.4546187184935015
381d08f1-238a-4868-97f8-7b9aea16bd08,0.587786664902119,0.1705475588925741
38246874-c8fc-4752-bea4-f6b279817191,1.6094379124341005,0.7024784786541245
38f848e5-0f9f-4d28-9b38-7ba4dca657fe,-0.0,0.0
3942a256-2d23-457d-8491-9a0cdc0e68e7,-5.0,0.0
399ac44c-aa72-4808-8d7d-2c684360524a,0.4054651081081643,0.6616493092932985
39a070b5-3cfd-4522-9069-6384c3dad4cb,-0.784118958765672,0.4277668561073499
3a709c35-7272-4ede-9346-203616541fa2,-0.9162907318741551,0.12963058650135104
3a934ed4-8400-4f39-8c93-c3304fda2ae8,1.3862943611198906,0.12471130021526511
3b0112cc-1cdf-4f38-97c0-0b920089e3b3,-0.5108256237659907,0.7083360904476708
3b209441-8bef-40b2-bf3e-8d8a9f8ec329,-0.28768207245178085,0.5315939686624539
3b7d98dc-10f7-4abb-b585-ab5b20b46db3,-2.1972245773362196,0.0
3bc1c133-847d-4529-9225-b5ec212eaaaf,-2.1972245773362196,0.5780981764595423
3bd48720-0188-4c27-90b7-09cc21ae782f,-1.3862943611198908,0.5716285505216185
3c1f6e06-7185-4465-966a-95b6c3ed77b4,-5.0,0.0
3c27e3e2-4c69-456f-beb0-56b05d14e299,-0.6931471805599452,0.42774374934852866
3c3bbfd2-14a3-4b6d-8e94-bbc3c22f3971,0.4054651081081643,0.6616493092932985
3c61d724-be3b-44d6-b0bd-1f63eaced23e,0.6931471805599454,0.0
3c69d868-6ec2-4ebe-bc95-7babd685bba4,-0.6931471805599452,0.0
3cacf8ea-849f-4e4a-b75f-5545b43c8c04,-2.0794415416798353,0.8673526462571846
3ceebdf6-42c0-49f5-92ac-dd27dd08e227,-1.6094379124341007,0.7504576565859286
3d30be82-a64f-4a30-960d-2ceddd96f954,-1.7917594692280545,0.0
3d600e8b-f63a-46aa-9166-d0d1504523e5,-0.0,0.12418672334556018
3d680b1a-022e-415e-9895-ebe10e7f8123,-0.8472978603872034,0.09031856879475947
3d7a8498-24a5-40ea-a4f5-eeea604972a9,0.6931471805599454,0.0
3d94528e-6938-4c79-b31f-102d2c42b336,-1.3862943611198908,0.0
3d9e3c05-933d-45ec-834d-6d5df7da5fbe,1.3862943611198906,0.8530212729547815
3e223840-d63a-406d-a425-6f7739a0b34b,-2.3025850929940455,0.3992748940966422
3e551f35-6adc-446a-be09-33d77c664933,-5.0,0.0
3e5a8f68-3617-41d3-b511-81cf75232916,-1.2039728043259361,0.29148309666712896
3e759b5a-8589-4d4d-af25-5c20895d9675,-1.287854288306638,0.5776724947635017
3e8be436-ec22-466e-8ecf-350d9c41a075,-0.9162907318741551,0.43652564131134053
3e8e0e44-da57-4611-8c9d-9409b6811561,-1.0986122886681098,0.0
3e93c4b8-ab53-4a7b-b914-af42495c8f37,-1.252762968495368,0.6483631529379427
3ec0acdb-c97e-489d-b6eb-b5bccfa51c44,-0.6931471805599452,0.6754137723070363
3ee4bd95-fd1e-4be8-a968-ef94926aa0c1,-5.0,0.0
3eeaf179-55a6-4191-b49c-aed40e3fa89e,0.9382696385929302,0.26865185105825073
3f11788d-7384-43a5-a419-2bbed4f2ac91,0.0800427076735365,0.26223517782866085
3f4ac850-ae7a-41f0-9230-b1a40cbe5837,-2.1972245773362196,0.7182928951786088
3f9ad7ed-a343-47ab-81cf-b02320d02e6c,-1.3862943611198908,0.9579207756594382
3fc243bb-c767-4bc2-9480-642ca9d36b9a,-0.6931471805599452,0.5299438437653381
4049e65c-abae-4e65-8977-8620978ad4cf,-0.6931471805599452,0.2006748111326127
404e2aa8-cd02-4c36-a69e-587798cbb821,-0.4054651081081642,0.7456266527986277
407cc3ee-8ab4-4ad1-a6b6-e8c3c1126c1a,-0.5235265789605553,0.5504512683371378
40ecee69-84ae-4652-b52d-0837e401af1e,-1.2039728043259361,0.7777784190752685
41580fe8-296c-4050-8918-81f1774bf5d7,-1.3862943611198908,0.0
418ab34d-9174-41bf-a54c-fa744f62c2f7,-0.0,0.0
418cb1cb-4de2-438f-aa61-74f27aabc177,0.6931471805599454,0.22769137010362722
41f40079-2934-4d81-a1bb-e5bd70ec2a12,0.030771658666753545,0.5479493698484457
42292685-ef3f-45d9-a2f6-5f0298921e96,-0.4054651081081642,0.14401941794508372
42b7c8e8-3b8c-444c-9af5-344aee720002,-0.28768207245178085,0.018449917702371935
433d0293-5a22-4331-b741-f7e60917e4f8,-0.05556985115481057,0.525466124201097
436a36fd-f280-446c-896d-529080032f4f,1.8718021769015916,0.5248499480929604
43844728-5882-4c6c-b31f-81ee7d0c8bd4,-5.0,0.0
43c79e2e-c96b-4baf-a74b-00192f72bcd0,1.6094379124341005,0.7024784786541245
43d0b5dd-eb76-4e82-8a14-2c38e9323674,0.028170876966696335,0.43913888172344784
43e834e6-fc21-478d-a367-de419d738520,0.2876820724517809,0.0
440da753-dbc7-4dcd-b151-0632e288b2f9,-5.0,0.0
44971d88-314a-4eb5-880b-44e19423d516,-1.3862943611198908,0.7045315331236399
44a9d627-9bdf-473c-8e18-67ea45dbaf43,-1.3862943611198908,0.9579207756594382
44b776bc-3d1f-4c89-88d9-a670e2c03fb7,-0.4054651081081642,0.47388429731259973
44de04d6-06d6-4788-8deb-14f552787e86,-0.47957308026188644,0.2785439936187562
44e86853-6bea-4c7c-af24-2de57c3f7ff4,-5.0,0.0
44efe63e-8049-4e75-834a-9c9992d1adfd,-0.27115277050057046,0.5984668795006616
44f0af2e-a0b1-4642-84db-737ba9e826ee,0.22314355131420985,0.3085383251519022
45bae098-dc10-44fc-9ee7-582ac9e351b6,-0.5260930958967791,0.227680979151504
45bc79ce-3d21-4dbc-86ad-25315d21b403,0.6931471805599454,0.8865115552817695
45e91c2c-b9ce-4817-be3a-0dd678b01c6b,-0.4054651081081642,0.16531337249488742
4608e047-e5de-4297-8986-c728b9abd75a,-1.252762968495368,0.06935099615278617
464c012a-915f-478b-baa0-7ae0291e126b,-2.1972245773362196,0.8319092522231734
466bc810-193d-45dc-99f2-70c075ab4732,-0.5596157879354227,0.5469992672617331
467d3d9a-a997-4f69-99f1-e4023f753a03,-1.9459101490553132,0.03541652144960401
46846122-2774-4cc9-9556-ea2a499129f9,-1.3862943611198908,0.6081957228989708
46aec972-68a6-4a36-abf4-fc6295787290,-1.7917594692280545,0.3195880135861897
4721bc59-76b3-4a5a-84fd-c81e4e73806b,0.4054651081081643,0.42544319062689895
474882c4-9254-4dc7-8576-d2f1caea0d4d,-1.6094379124341007,0.009112052455253067
474ba4ac-7094-41ac-9419-de2c285fbbb8,-1.6094379124341007,0.0
476dc9b2-114b-4cc8-92fa-cf74226fafb6,-5.0,0.0
47edf7b1-bcce-4875-a79e-104ad4eb3c44,-1.3862943611198908,0.6778094196629004
487439bb-1061-48fc-8e59-3fe36a7fa626,-0.5168226432383651,0.7316982378745435
48f61530-5830-460f-8703-a265691d1e4e,-0.5753641449035619,0.5826871353085533
48fde917-ba84-447a-bf23-db71044568c3,0.45198512374305727,0.11334569618228874
49211c8c-0b58-4884-a810-ed9e81bb6e1b,0.06453852113757118,0.5979846031690437
49702e00-6cd7-4971-9896-efee46ca5d9b,-0.44157852576184453,0.6234242642116954
49f18922-84b6-480d-b0fc-c1f229c8669f,1.6094379124341005,0.09975220712320451
4a3c1ec6-19b7-454a-b591-800d248755c1,0.4054651081081643,0.6467363644703318
4a6af2f9-9154-4ae1-ba7f-81628bdbb7a4,-1.0986122886681098,0.6571906003007557
4a73ac12-6bcd-4a34-9138-9a3cd1d4b47f,-0.05884050002293319,0.23115473308353562
4a9dc83f-0529-402c-8858-29e63f17cf32,-0.9162907318741551,0.5569626872612758
4a9f9b17-f6ea-436b-ac1a-76a63893103f,-0.4054651081081642,0.0
4ac0b201-18d2-418d-a6b5-6df75ccf8ec9,-0.6068513671071094,0.6912034186176689
4ac3d03e-85ba-4d93-8a17-b851a8ee402a,1.9459101490553135,0.010069944350283591
4ac56501-6c47-496a-9547-c4eed1c02542,-1.0986122886681098,0.3468976373205035
4ae47523-10b1-4525-92d0-f343f0bb86cf,0.6931471805599454,0.5273433958057355
4b023779-4dbd-48c2-97f9-63099d9bcc7f,-5.0,0.0
4b1ede12-5103-4346-a209-8dd8fc017534,-0.1823215567939544,0.37104595689807157
4c4130f1-b925-4470-9bc5-867dcf3d84c1,-0.4054651081081642,0.17479178873820717
4c87d7dd-282c-4e61-87bd-663ed6950604,-0.8513139300420937,0.47808218770486055
4c961077-a167-46a6-8bea-f660a71fa23d,-2.3978952727983702,0.017676807470664958
4cc47082-7f48-468e-94e9-76f421c5219d,0.6068513671071091,0.17239878012080517
4ceaef2d-caff-4474-a191-7d75a3249978,-0.0,0.0
4d13a49f-a501-40f1-9cb7-636ae2c40563,-2.0794415416798353,0.519384548690847
4d41482e-4857-4200-a89c-cf852c41b6b3,0.4054651081081643,0.657046807024473
4dc50fa3-76bf-47e3-86ed-1b1fd774e4e5,-0.6724425071982542,0.7706653511455209
4e049f08-9975-4522-85ca-66eadb920814,-0.7537718023763803,0.5867240467203003
4e4c342f-db02-4eaf-b029-602cff10546a,-1.7917594692280545,0.7527058055338082
4ea029c4-1e8e-47d9-ab6d-4ccc87b0ffae,-0.9343092373768334,0.7346596494766592
4f185d0d-35bd-463e-b47f-fa3e30b05356,-1.6094379124341007,0.8288089432458596
4faf76fe-4c47-44a3-9dd0-da496da6c8f9,-1.6094379124341007,0.7504576565859286
50ab0697-5ab8-4c0b-bcf9-bc777c309f64,-1.6094379124341007,0.8288089432458596
50addcc2-7070-4e1b-811b-8a5bc3cb3c5d,-0.4054651081081642,0.19491655223172497
50cc6235-f390-4d44-96ca-5daf4cbaff59,-0.22314355131420993,0.35020412162362524
50d783ec-8a9b-4cc3-8f13-5b04ed5309b5,-0.6931471805599452,0.05570271369496971
50eac5cd-ded7-4412-b52e-54bf43606024,1.0986122886681098,0.0
510cab78-1c39-4368-b455-cf29a0a733ce,-5.0,0.0
514ceebc-0902-4ad8-8640-cabd312fcef9,-0.9808292530117263,0.0
5165bb19-e090-4d23-afbe-217fe9277b5d,-0.28768207245178085,0.45446821618391753
519471aa-1021-4950-b71c-94cdd2f0656c,0.3600027340314072,0.0034752856446329332
52af6960-2121-4777-bf70-2ff3dbf1f8d6,0.3106130135156979,0.5365087430685307
52b06d14-ac98-4f3c-bae0-d4f20ea7dcb8,-1.0986122886681098,0.0
52d7672d-f5ed-4e68-a45d-e54e1521bee7,-1.6094379124341007,0.0
5362902a-c870-45fb-8a9c-8519ed684b49,-1.6094379124341007,0.8012041897474108
536be990-5ec4-4eb2-9436-106c596364bf,-0.9162907318741551,0.0
538f5a02-ba28-493f-9434-d981cf10c80e,1.3523928094442095,0.3950458169504429
53a59dae-8018-4bd9-9e4f-bc04e826bf3d,-0.5031035776720804,0.7553250475276878
53a6684e-5228-492c-841c-c69845eaaee1,-2.1972245773362196,0.7182928951786088
5403f04e-d6c5-4d66-86c4-2f72d2ba66e1,-1.252762968495368,0.8275805232885881
540b8a70-34f7-4d01-a254-54b9b3431b3a,-1.4350845252893227,0.08321469744908487
5417b074-621f-4c70-9a17-70051a753bd5,-0.38233565341439396,0.5493359394492827
543e65cd-b5cb-470f-ae73-a03a7a5a3129,-5.0,0.0
5461c221-8e3b-4a4a-be36-9cd6d0ccd0b6,-0.2672278244462292,0.41079054062004455
546aadf3-183b-461c-b061-4db24bf8f05d,-5.0,0.0
54e832b5-905f-44a7-b97d-e676a7014260,-5.0,0.0
554c6a3b-388c-4d75-bfa8-1cfd972d959e,-1.7917594692280545,0.09329167526400274
55521450-89b7-4f0b-ade7-8eccf7a2ca5d,-1.0986122886681098,0.867745801520313
55a877c0-e9a2-4420-9ce1-a4bd7b3ee7e4,-0.8472978603872034,0.5481043621937233
55d7c3d0-9085-4ebb-86f7-5396e3dde188,-0.0,0.5158763177929231
562d93d7-a142-4236-b120-cacbaa6d3fe0,-1.3862943611198908,0.8741057172566213
565f6247-eea6-4095-af85-123c195c7ab9,1.6094379124341005,0.0
568a2756-e1a3-419c-92b8-d71a7400b142,-5.0,0.0
57c31fad-12d2-4bf8-a93f-46a5c69a9687,-0.13429562651727844,0.4885557978764608
57c850a0-88ef-4ced-a072-68f2c7605a67,-0.028170876966696224,0.26600796280216144
581a6150-2805-426c-b0ce-0a582163b7a6,-0.6931471805599452,0.8493762092111361
582b235d-b716-4654-997b-695b5fb02919,-0.5108256237659907,0.030818325898499033
58806a93-bf9e-4f38-b0ab-fc41e3b9f67b,0.8472978603872036,0.3306566146178082
5882a817-bc4b-4224-b612-b50009ec1469,-1.0986122886681098,0.8277532807359826
58f995bf-3dca-4670-96e1-035dc9a33755,-2.0794415416798353,0.0
5954622f-07d4-40de-a1e9-9d2345805779,-0.5108256237659907,0.6749297565966715
5959fcda-c5a4-464b-b360-ff2d8de56607,0.25202189205289655,0.09201124475215265
596405e4-3968-4525-9476-ad4e15465773,-0.9162907318741551,0.9062810159930488
5a285b37-6a76-4b31-a6c9-626ffae5469a,0.6931471805599454,0.7007212500296539
5a2b1a1e-35c1-4725-bd7b-cad3143f4b81,-1.0608719606852628,0.39781046865897624
5a831d90-2182-435d-bfaa-a0b00c145fff,-0.0,0.2648248402202829
5ad36fe8-f16c-47b4-a7c4-5a158fb712f4,-0.7129498078561248,0.4153308760458832
5ad899a1-974f-4755-8878-cd5a00e39984,-2.1972245773362196,0.3935698016487054
5b287025-ca27-440d-b082-6ba9add40b25,0.08384797247787557,0.3189864502802787
5b2b7912-87c8-49f6-9747-36b6843b4a64,-0.0,0.2630691044865524
5b7e0584-8a16-43fd-b17c-21f8178952db,0.18698356989976592,0.2414354150093731
5b9b0fcd-5ac3-491c-9fe3-0720e3e5a1fd,-0.22314355131420993,0.0
5c0ef743-35bc-4341-8dd1-66025ded5489,-0.0,0.0
5c18d07f-3611-486b-9c52-57ee9c6b0dce,-0.37536048670905575,0.5436042446001369
5cbec33c-b685-4884-a81e-8aa655063b6d,-5.0,0.0
5cff658b-642e-45de-982a-94e81ed1534a,-0.4054651081081642,0.5124625516515525
5d1a79e5-a121-4043-bb10-f52d5e18cb8b,-1.178654996341646,0.45340410933200104
5d1fcf9a-923e-4b89-8ea9-74812dcb0667,-5.0,0.0
5d242b3d-1e22-4bbb-bbed-95b6ca94ed44,0.6931471805599454,0.28509531373685437
5d64bf58-b867-4191-90fb-95dbdab57210,-0.5596157879354227,0.0824772201607574
5d6781e2-34a7-463f-aecd-bd4b862d3654,-0.41373449959067116,0.38946237652131854
5e7b4392-a97c-4c91-a037-b0c0d1c53c05,-1.3862943611198908,0.7470718677645799
5f5ebdfe-3cfb-442f-9bf1-b1dce6b48fe0,-5.0,0.0
5fcc7d33-8ab4-4b0b-8362-d5e9ed7d6514,-0.8472978603872034,0.10847727837667198
60028109-9dd9-41b8-840f-720a18565ae7,-0.15415067982725816,0.414270488939495
60055f0c-3127-4fc6-a087-1d35f4652d8f,-0.6450710471241704,0.6103111678185746
60604c97-273e-4c3c-87db-0b00eda78b2c,-0.6931471805599452,0.48698743018825313
60de6c0a-b72b-426c-954a-fed7d72cb5fd,-0.6931471805599452,0.33443246175115865
610b0a75-0042-4a8f-b4af-b0015779e512,-0.6931471805599452,0.5528676307906882
61ed76ca-639e-43dd-a16b-6c928606d61f,-0.05588045839445663,0.6838867668127802
6214ac4e-9d12-4aaf-afb0-105692bc631a,-2.1594842493533726,0.3217548122720932
62262968-2065-4ef7-88eb-787635e2957d,1.6094379124341005,0.7024784786541245
62315c42-5eb4-4555-be71-dd41f1d9fe1b,-1.252762968495368,0.7798873555171729
625a84b6-8cc3-4aa3-9ec7-2e713f8e264d,-2.1972245773362196,0.8801139885159096
62e0c59d-1bdb-4f6d-a375-7ec6528f5754,-0.0,0.3343985173134854
6338fb10-1388-4789-bf99-ec9dc35540e5,-5.0,0.0
63566093-7689-47a7-b539-a070f0985c2a,-5.0,0.0
63cdd676-7c80-457d-adef-42df410dcec8,-1.6094379124341007,0.8370576437408295
647ae6ee-650f-4974-869f-f205469f08a7,-2.1594842493533726,0.16487527293399373
64c20f40-8b49-471a-88cf-a7a66446c976,-0.6931471805599452,0.33966133153109035
6540152f-2b4c-48e1-b654-2e8040b9301c,-0.6931471805599452,0.7484187170247723
65811769-846a-4497-9930-8cb97099fb47,-1.3862943611198908,0.9579207756594382
6586a70f-97fe-4ae2-b7fe-abe78a5746e3,0.6931471805599454,0.6486004316332095
65b8da4b-72fb-4e4d-a1d9-6354b8838a84,-2.3978952727983702,0.777073648773102
6603f0c3-7d5b-4105-8dfe-e191eec12223,-0.4054651081081642,0.0
66d069d0-8893-48c7-a568-a3d9fad79901,-5.0,0.0
66e8c557-b4c9-4fbe-97aa-a958a36601b4,0.06763140088863032,0.5345575368928049
66f40b78-07f7-47bb-b138-7c619ecd55a6,-0.0,0.3343985173134854
67d03449-7322-4636-b583-ec1dca0d0102,-0.9162907318741551,0.6580227389768014
67e73f09-fb17-4053-84a4-b6fa9dc0cf45,-0.6931471805599452,0.14520633830602128
67eeda2f-898b-47dc-9215-89522738cd66,-5.0,0.0
6832aeb8-35ef-4cae-a94a-01b0492ed3da,-0.0,0.6932240016801354
68821f21-e1fe-4f5e-8c1b-d671634bf226,-0.9750433159446824,0.6938573485988233
69a56cd3-a86b-438f-858d-9cb8ad4c5d47,-0.0,0.7485561378073766
6a10a263-a9f6-4553-8e1d-740175f77b3e,-0.0,0.698755840502905
6a1263be-ed5a-46af-a825-775826561f37,-1.7917594692280545,0.0
6a4d281e-0d95-4e56-bad9-fc87f7601ad7,0.6931471805599454,0.7007212500296539
6abee214-69f9-46ae-9c39-edefe8b7893a,-0.43078291609245434,0.18352270528290948
6b3727fb-6395-4c4b-9f15-059a504a6774,-0.23638877806423053,0.2479244621446311
6b8913fc-406d-4b61-b498-074d9717b7b4,0.8472978603872036,0.1653130160068938
6c78d03f-e5e6-4dee-9526-bc0e6026024b,-5.0,0.0
6cb7b103-3229-477b-bc7a-c78f1b87fc4b,0.02666824708216118,0.38387734020901654
6cd9219d-9e24-4ba5-9e29-c8208592b830,-5.0,0.0
6cdbecd9-b308-405d-9f25-717949b582f8,-5.0,0.0
6d30fe68-7885-43cf-aa09-b502d197fe2d,-0.6931471805599452,0.361988255264735
6d562b1a-f87a-4039-9904-d219373bb6a8,-5.0,0.0
6d5c1384-eb8f-4346-8bb1-f69c4f3a834a,-0.9162907318741551,0.0
6d5d7bf0-48af-421b-9df6-970a8b7a8ca3,-1.3862943611198908,0.30865492514954707
6d606168-48bd-42fe-ad0b-87093ba203b2,-0.9162907318741551,0.7369645092257108
6d69a07f-fb45-4f9c-8cbe-e75296ff8f2f,-1.7917594692280545,0.4517632029508271
6d903b59-3cef-475a-8ac9-2a7222e3b110,1.2729656758128873,0.0
6e07cab9-23e3-464a-88e2-d8fb242496fa,-5.0,0.0
6e162a41-6551-49dd-8608-4e64ba9d436f,-0.651474484159377,0.7258593119780898
6e4e6383-530f-4837-b02a-6b81c050faac,0.5596157879354225,0.3672071948882187
6e97ded2-7ad2-48d8-9f96-a2553fff3bec,0.22314355131420985,0.0
6ef23838-36a9-435f-9ec7-fd4379ed9015,-0.9162907318741551,0.0
6f050706-c331-45bc-a005-55badd172339,-2.8332133440562157,0.25889904092801874
6fa31539-afd7-4db5-bc8b-49fb57bb6106,-0.6931471805599452,0.5879365033766107
6ff0d9dd-0759-430b-9aee-7f4b1304274e,-0.5108256237659907,0.23614257049928455
700b30a8-de59-49b7-9612-f1e5638dbdc6,-0.6931471805599452,0.5000464388970411
707374c1-06b2-442c-9a08-00d7f2401d2e,-5.0,0.0
70ae3a69-9af7-4b28-a8e8-ce76d81ab232,-1.3862943611198908,0.6430521357380614
70c112ea-4cc9-4f7b-b428-2e3a3db3ed5a,1.6094379124341005,0.7024784786541245
70f92964-3e09-4572-aace-3ae4971c170b,-0.8754687373539001,0.480597514400436
71313fe2-6af9-4291-968f-fde492cab0c9,-0.8472978603872034,0.47949327318975976
71447dfc-c688-4900-b841-4914e32a2e2e,-0.4054651081081642,0.7390195542821956
7170133d-91b1-43f9-b94e-173a3ae142c8,-0.9162907318741551,0.3029077467393213
723a4d97-8203-4008-b05f-948e68699c46,0.4054651081081643,0.7578973552528682
726f5423-1dbd-4398-8f3b-11d09172a78e,1.55814461804655,0.08576671402360762
728721cc-9291-49f7-8520-1dc4af615524,5.0,0.0
7293435a-60b3-4ef0-91f4-cfcf4635e8a2,-0.5108256237659907,0.0
7297c9a3-c783-4bfe-b1a1-ba7f1c66cfe7,-0.5596157879354227,0.4020248355250507
72d1054e-327b-4f66-96c8-5ca6897c4050,-0.2552116874209969,0.5224008248818478
72ebe45b-5a06-4efb-b905-eab67d8563e7,-0.4883527679139319,0.5448744278260471
72ffb2bb-c762-41b2-aeec-6d247c1e1a8f,-1.3862943611198908,0.7120333850125122
7325f06f-54bd-449a-9b32-9b644d6fd436,-1.6094379124341007,0.8012041897474108
736de3bb-5d4f-4927-9d24-496d4e7c80aa,-0.0,0.5416457618897231
737c0625-3cd3-4e3f-ab5b-9f95488fb609,-0.0,0.3892811324469952
73a370c6-1b49-4596-a5d6-f743c10d1fdd,-1.252762968495368,0.8275805232885881
74d07c6c-dc38-4af2-a459-a2ed4a110671,0.823200308808143,0.204799476948144
75176ec6-3238-43ff-989f-c9a849898158,0.2876820724517809,0.12438872203295025
75485d16-eea9-4adb-936a-4fd679de989d,-1.3862943611198908,0.0
7551715d-b9be-4841-ae09-aba8a67dc394,0.3528213746227425,0.11451390215320871
75656690-bc0c-4a89-b5e2-e70ce7d9d343,-0.4054651081081642,0.4351602519603061
75ad9878-a120-446d-bc83-6459d746c72c,-1.7917594692280545,0.0
75c0a7f7-6514-4116-a521-d62552c88507,-1.3862943611198908,0.0
760cadc8-7f03-446c-8125-569a3b374b3b,-2.3978952727983702,0.777073648773102
764ac247-fc86-4144-8f5f-ca9d9b0adb54,1.9459101490553135,0.528372413416666
7671a61b-b135-4824-9817-c136add84da2,-0.0,0.052148239864042434
76e450b2-828b-4b87-b243-9990ac2d81df,-1.3862943611198908,0.0
76f92105-d9e0-4142-ad07-fdf7765db6d4,-1.6094379124341007,0.7504576565859286
772cb340-0da4-4617-93a5-bec0a3aec5f0,1.252762968495368,0.0798916980563424
7731ee5c-f2cf-4772-b2b1-4ea89b914eae,1.3862943611198906,0.8530212729547815
78241ffc-4f46-4658-a86e-d1a9da6245aa,0.1532738713537238,0.438990871586764
7830a034-da8c-49ba-abb4-135ddec8fe36,-0.8472978603872034,0.6242931458082376
784b6b5a-a006-4ca5-9704-a5cd5b7e67ee,-0.9744638591446501,0.576917888699485
784db085-52a6-4fb0-9620-8383a348017e,-0.15415067982725816,0.6650536484887019
797aeabf-fbb9-4ad8-b1fc-41266f736e7e,-1.6094379124341007,0.0
79829c07-eafe-4f38-8398-ce58be68f5d1,-0.1823215567939544,0.35053737239623317
79b4be2e-ce66-418b-8cf9-ca15e332bd58,-1.3862943611198908,0.30865492514954707
79dc1248-c248-4f5c-bad3-8eaaaff2748f,-1.6094379124341007,0.7504576565859286
79dd5e74-575b-4011-baf3-5fa21e52479a,-1.3862943611198908,0.0
7a205b02-f2bf-405e-8f00-2fd2dd94a4fd,-0.6931471805599452,0.7167163351531856
7a2af0f1-8730-4241-876d-e1f70f7c9673,-1.1394342831883648,0.09402583940143673
7a4002b5-c909-445e-81b2-3c6c6720e85a,1.5909344408695407,0.30850496753078205
7a58e9d8-181a-4149-aaff-2dd054f79080,-0.4054651081081642,0.7390195542821956
7a95a8fc-004f-4785-a731-cc1edadc344f,-5.0,0.0
7ab8c665-84fe-46a7-9ea1-67f7888be891,-0.6931471805599452,0.5528676307906882
7abedaaa-6035-4ef6-90fb-db8b5f059ad2,0.6931471805599454,0.0
7b084909-8cc8-4e6a-83b1-31e2ae871e7c,-0.0,0.9632960060100154
7b18b289-7e24-4519-9252-d9b3ba0bb3f3,-1.3862943611198908,0.32532678062527504
7b8c2713-ab7f-4ddb-b0e9-776890076829,-0.6931471805599452,0.0
7bc99755-02c7-4872-940b-0fc8436dc10c,-0.4054651081081642,0.0
7bf37b64-5c7c-4ec4-9a79-c8d90bb6477c,1.6094379124341005,0.7024784786541245
7c1ad69a-6144-465d-a4a7-aa36657ea5d2,1.0149271204947325,0.0
7c219939-ce1f-46f8-b427-c9a117ad0c47,-1.9459101490553132,0.0
7c2d7c77-d369-474e-aefe-df66b13fc92e,-0.22314355131420993,0.36623453931194955
7c3cdcc8-6929-4956-8783-6caea9580038,-1.3694872428035092,0.4952676357266168
7c8b7e30-1a86-4a60-9272-96196a1d3891,1.0986122886681098,0.0
7c9f8170-ebc1-4e7d-bce1-e8bd9a0719e1,-1.178654996341646,0.3565812631291436
7d291c42-975e-44ae-af5e-00cfd8b2dc39,-1.8245492920510464,0.30320937237057444
7d622e96-f0ff-4c93-8028-b5b025117873,-0.28768207245178085,0.7324143451239025
7d828e3a-0e7c-491f-ae73-4fa98d7985e7,-5.0,0.0
7d945c84-d5ef-486a-b9a0-d73237181311,-5.0,0.0
7da35832-46d4-49e3-9c9e-b2b92964bcc9,-5.0,0.0
7ddd4e25-627d-4d68-a4b7-48178b24850f,-0.0,0.4333387934567818
7dfb0acb-b478-420f-85b9-53b3569849d5,0.2876820724517809,0.7192713091685325
7e0a96ab-416e-4157-a056-1d706f708b58,-2.1972245773362196,0.0
7e4c9520-28ad-45e1-8401-b12da1447160,0.9162907318741551,0.45723981201037106
8088798f-b00a-4bb8-b444-65c5fb5ad60a,-1.0986122886681098,0.5445396122097831
80a83c4a-4c6b-4af9-aec0-cf18624e859f,-5.0,0.0
80b37310-7df4-4e3c-ac0c-9592cd8b5b13,-5.0,0.0
81819b5c-ad9c-4460-a692-50a3e39416c3,0.5108256237659907,0.0
8183caa2-c37e-45c4-9d7d-54f354abc2a3,1.252762968495368,0.3544467282047265
81965a85-96e1-4995-8f52-a44cfb52567d,-0.28768207245178085,0.43294547579594655
819ea71c-4779-4c77-80d9-6dda3239320a,-0.3489006948796819,0.5615432410442549
81b326b1-2607-49d1-9f47-2fbdab5d9355,-1.252762968495368,0.3921036026164217
81e5eafe-e3fb-45d9-81cc-70884584f8bd,-1.252762968495368,0.5829997597788623
822054a9-8855-4337-9e93-9d2f2f83aeff,-5.0,0.0
82385468-8aaa-4ec3-ae28-bdfc2f04ce4e,5.0,0.0
8262795a-397c-4afd-a4e7-052926dbb62e,-1.9459101490553132,0.0
82635abd-cca2-4a08-b970-5a2f1fef4632,-0.6931471805599452,0.8882726471570067
82858c90-eb64-4773-904f-9139d71a6c35,-1.0986122886681098,0.0
829e6f1f-29d3-4744-b806-2bb9c781a0b6,-0.6931471805599452,0.5000464388970411
82a3b4f7-86b7-4279-ba90-81f05bc49221,-1.0986122886681098,0.0
82ebdaa9-5eb8-4478-8d96-d17b8ce11d1e,-5.0,0.0
82f42e9d-3b1e-488c-ac96-3a865e0a633b,-0.5978370007556204,0.3484688667222295
831e84fb-4a51-4bb7-af8f-606ccb18f122,-0.0,0.09726851178435185
83c82490-ca1c-4328-af4d-d10755f55bcd,-2.1972245773362196,0.0771700997319895
83cdd25f-dc37-4c94-9ac5-635e86a09025,0.2411620568168881,0.35835627695756295
83e3421b-9228-4c16-8a3c-5d2152ca99f2,-0.5108256237659907,0.7709258361797632
8475b4ec-7a6e-4795-837c-b0175795ccb9,-1.3862943611198908,0.9579207756594382
84948ac0-938c-4e71-9e2c-e9c0b69d2181,0.2578291093020998,0.3430566323249099
84e66712-d943-47c6-8fe5-d6ac310126cb,-1.252762968495368,0.8161217474057035
84ed65b3-99af-4364-89bd-5318eb5c5c34,-0.5877866649021192,0.4844984827229628
853980a2-eb05-4619-9bea-4d35d182a01f,-0.0,0.0
85b2ad02-6f0e-4fe8-8d94-1a54a86331d9,-0.4353180712578454,0.3094738838329164
862d865e-65d7-45da-8ff5-98b942b6f4ed,-5.0,0.0
8647431b-48d9-4ffe-9038-25c6b451ff8c,-0.0,0.3841988146179571
8664d373-03a1-41f9-9c7c-70c0afa24506,-1.0986122886681098,0.8437756871546711
87021367-37ff-4e2f-b01f-e45d3c687f54,-0.22314355131420993,0.2738810422066214
870388a8-ed88-4dc9-9b50-aefd1f2bdc13,0.6931471805599454,0.5234721768958114
87623cea-05d3-48e8-a07f-8797b785bf43,0.6931471805599454,0.7007212500296539
877edfa4-26f7-448e-b9f5-4d58a98e0aab,0.05925569620909302,0.6644346436348942
8823d2d0-537a-4368-96a9-a6dfcfefc276,-5.0,0.0
8824480b-fed1-42da-9752-78727699d898,-0.1006435257796875,0.23271338017539317
888f99d3-ef87-4dcb-b151-a49f69aed489,-0.02666824708216149,0.08996259347552174
888fae76-cf38-49e4-843c-68cf421667b0,-0.4054651081081642,0.6080216238704448
88d9d47a-5451-4db5-bd7b-fec10d4ab2cd,-1.3862943611198908,0.6343021585322097
891ee1d6-705b-42e9-8e10-b90227ab453a,-0.6931471805599452,0.8343849215039222
89309774-27d8-4584-8b93-8e8d3407d426,-0.6931471805599452,0.5528676307906882
895aa246-5f53-4be7-a195-81b8abcf56ff,5.0,0.0
898bf6c3-2546-4461-95ed-d46d387d7426,-0.0,0.07009189172974459
89b85127-ee5d-4e53-bab4-309e2ca5e625,-0.5596157879354227,0.4501774761403467
89b8c472-894d-465d-a0e6-a30b22abe2f6,-5.0,0.0
8ad166f5-17d0-4f44-808e-1c6f8ab1aa45,-5.0,0.0
8b2bae32-701d-4536-9aaa-d85cbbcfacf2,-0.5108256237659907,0.7309296049755457
8b428a67-dca0-41fe-bdb4-78c1b7f5fb9d,-0.5328045304847658,0.5319993810459369
8b679114-3766-4bed-9712-aad268941050,-5.0,0.0
8bbf6584-9005-498a-a0c0-f551e03adefe,-5.0,0.0
8bdbc894-afad-4339-a1ad-60cd673133c8,-1.3862943611198908,0.964038676369892
8beffeb4-0f7c-46b5-819d-12d114720e4b,-0.4054651081081642,0.0
8c36d78f-f167-4f91-862e-48ead5d071a4,-0.6931471805599452,0.8672773083249645
8ca3286d-8f18-4a0e-8dfe-2170507dd8ad,-0.1823215567939544,0.0
8d20577d-3c19-46ca-ae88-72972614df38,-0.6931471805599452,0.7093398870008963
8d2f49c2-e11a-4f43-bece-ca806ec561d8,1.791759469228055,0.08208143191569221
8d567f98-f052-44a0-8b40-90fb4125e389,-5.0,0.0
8d941567-f92f-434c-9704-2f55c0b51361,0.5260930958967791,0.4853172784153018
8d9985b1-8118-49fe-bbc9-b605e6ce0ddd,-5.0,0.0
8db0335a-b01f-4ab9-9fbc-8f671ae3a986,-1.7917594692280545,0.6825217292807525
8dc89a71-2e8c-46c5-826d-a5fc4ab9fb93,-1.0986122886681098,0.5445396122097831
8df53900-ed85-4ed8-bb53-9943b8bd060a,-1.6094379124341007,0.8012041897474108
8e9e42ff-9a9b-4968-add1-0f01165ccd47,-0.3833067671195255,0.4432746968731387
8f2900e2-e58f-4b0d-9c4d-00e75c6d9128,-0.5108256237659907,0.7678781741378022
8f3a73a2-44c5-4234-a84b-83eef4e6b108,-0.4054651081081642,0.46064412161759216
8f8af124-f923-441e-a605-402fcdb21d19,-0.28768207245178085,0.3029454356075789
9000ae75-4eb8-4e4a-b211-bf1fd2221bb6,-5.0,0.0
900cbb1a-9379-470b-b15a-ab413acfe5d9,-5.0,0.0
90621d22-dc74-43b5-b2da-ad0b7c334fa1,-5.0,0.0
917f224b-f440-49c0-b87b-fdb796d2fc1f,-5.0,0.0
91990ba2-5ae9-47cc-99d5-64714aeee961,0.6931471805599454,0.551660310546489
919e4e9e-ae4b-4a43-8548-3939340cc034,-0.3593740009078974,0.5886864014570997
91ece9d3-77d6-45de-9443-f2c25850e199,-1.3862943611198908,0.20124505030767129
91effcb6-cc2a-4475-8c63-a18f3f29d369,0.2363887780642304,0.38723435296446507
9293400b-b7bb-49dd-b5c4-002e885fab51,0.6931471805599454,0.7007212500296539
92e262a0-a226-42b3-b759-9ef30f9d998b,-0.6931471805599452,0.07304883099053873
930b259e-28a6-4493-a19f-da6739ea98cc,-2.3025850929940455,0.0
936abf96-3a37-48f1-9254-8e2e37e90ff8,-5.0,0.0
939d1f16-4049-4738-a196-b6063408984f,0.5108256237659907,0.04735758947893026
941482a5-0a0b-49e0-a18e-45ba5ac81d7c,-1.0986122886681098,0.0
9493b0be-70a1-43cb-885d-89eda0cf1b41,-0.5108256237659907,0.5340074850197478
94bc106d-aece-4097-9a13-0509c1613951,0.5108256237659907,0.6195217933675835
94d1a1b2-25ae-48af-a964-95f60b5fbcf9,-0.44570722438659754,0.4606806517379852
94f9cf18-72f2-476d-bcf4-674521f354b2,-0.11545861156482831,0.5890933447488443
952d4e6c-304c-4e51-9bb1-86c5dcbae87f,0.5108256237659907,0.4669629932601724
953228e7-3e4e-4573-910b-4748511833b1,-1.5040773967762744,0.0
95522092-9f06-40f2-8160-29a3f883ee3b,0.22314355131420985,0.5058456066769174
957b5694-177e-4c01-8012-7f68d7ddcc6e,-1.0986122886681098,0.0
9593ded7-2b1f-45b7-8286-6ac49e7a9829,-0.4054651081081642,0.300496815627703
959eb5d8-0068-4d9c-b360-5ca4f182d375,-1.0986122886681098,0.0
95c1cb9b-1feb-44e2-900f-023f3274780c,0.1823215567939546,0.5974673924573527
95cc4313-ca48-483f-bbab-00b10a43b5ae,-1.3862943611198908,0.0
95ff9f3c-344d-4c21-9a01-f3ede71b477b,-0.28768207245178085,0.6398344804142357
968fd024-71d6-4f02-983c-82c40a60712f,-0.0,0.43676600690185985
96b74778-0c12-4e82-9c63-8e6df5543202,-2.3025850929940455,0.7784013181902916
9796d3bc-6422-43a1-9d4d-5a786a4a8ebb,-0.8209805520698301,0.26378763081017786
979b7ced-a937-4ad1-aa58-8b0212acd7cb,-1.0986122886681098,0.8277532807359826
98cad0fa-0d58-43d7-9d45-aaa1b48a0f50,-0.5108256237659907,0.5720949156917849
98da362d-9d58-40c9-84ba-dd69f88e33a4,0.4054651081081643,0.783407445162764
992fcf88-dac0-4e05-bd93-291162821adc,-5.0,0.0
995b3d22-2a6c-4a5f-911a-a529ae32ffe4,-5.0,0.0
99b37859-b2d7-4c6c-a9bc-332137005df6,-1.3862943611198908,0.30865492514954707
99d1f64b-218b-4b7d-a6bd-a06c088fed37,-0.9162907318741551,0.6580227389768014
9a00ab06-2362-46e6-833d-d76c04b77479,-0.23483959107740082,0.24498967268720637
9a2330fa-567a-4d01-99d6-925b1bbf3eb3,-0.5978370007556204,0.2830748990980358
9a8686d2-2cff-4af4-908c-5321babaef88,0.1823215567939546,0.6184558389164364
9ab5534e-ee1b-4fb3-a659-ae04ccca5610,-1.3862943611198908,0.8196658618827467
9af84dfc-f65f-42e5-9b34-1876260a61aa,-0.25131442828090617,0.5618296191405693
9b3ee3d5-d0cf-4649-9afc-a182fa446e8e,-5.0,0.0
9bbf7d77-2618-42a3-b153-1fef62c5037a,-0.8472978603872034,0.49658739552111825
9bcef181-6a97-4990-8761-5982ba926816,-0.0,0.4619634684854904
9bdac751-654f-476a-8cc9-842fedba9ec7,-5.0,0.0
9bdb1f28-24ef-4e50-8dde-e2dc595154a0,0.4054651081081643,0.6720113445753353
9be76a00-3481-459a-a390-cabdd6a4c656,-0.5996211225491218,0.4915912551752945
9bfa671c-77e9-44df-ae72-4869ca8fbc60,-1.6094379124341007,0.0
9c1ae813-5a43-4284-8442-581a2041cdbb,-0.5389965007326868,0.390342115160782
9c4e4704-f10a-4eb9-848b-75c1c9c51b57,0.8347976976229723,0.21267418178480504
9c8d1a27-baf3-4cb9-9efc-3ea9790d4c74,-2.3978952727983702,0.7319659478720164
9c986081-bb04-43d7-90c4-522f9835298b,-1.3862943611198908,0.20124505030767129
9cf90fd8-8387-40da-b514-8bc5861f6b71,-0.22314355131420993,0.395664263149874
9d793741-a8bb-41b4-9813-378fbcabc811,-5.0,0.0
9d9b50bf-a0ab-4401-9704-537c438483ab,-2.0794415416798353,0.7507872443125173
9daecb87-7fa6-48c9-8101-2817adeb543f,-0.8209805520698301,0.682497357949766
9dcbd8c8-2638-4ec6-bf65-3b1f6552a08c,-5.0,0.0
9dcf9241-f049-4f8a-90d1-c1698c2005c0,-5.0,0.0
9e21b952-57a4-4061-b897-fc3c4e8e0687,0.027398974188114503,0.3617566413045194
9e36a045-2009-46d8-84ed-7a59094d6376,-1.252762968495368,0.815317121088156
9e6e4223-f921-4ae4-8c52-06417fa8ab3b,0.5108256237659907,0.0971971979366636
9ec184b7-affd-410f-8ab7-6c0541ee1fde,-1.0986122886681098,0.6597338390159418
9f6ead4d-7336-4e65-b55e-ffcc76ec8236,-0.6931471805599452,0.0
9f74f154-dbd2-4c0a-8ba8-37d5ed32fc1c,-1.3121863889661685,0.24309510137357915
9f8768fa-84e0-4028-b279-8e4eae92fd0a,-0.8472978603872034,0.006867488167482878
9fe5a0c5-7f17-4905-a549-3bd9a00fcc06,-5.0,0.0
a0173e3b-36d2-4d3a-8433-54e3579f39f8,1.3862943611198906,0.15425628059007945
a0511537-b1cc-41b8-8626-ee87f2c90fda,-0.9162907318741551,0.7369645092257108
a097caca-f066-4a87-9cc1-e302a0882cc1,-0.28768207245178085,0.5145422791996596
a0a94403-2690-4b0d-9d08-8c77eaf6c3fc,-0.6931471805599452,0.4479256205005967
a0d7fce9-270c-4dfe-b45a-9efe3cca3f1a,-0.9162907318741551,0.0
a154c6e8-bb3c-4e17-a26f-f683541f8da3,0.25489224962879015,0.4998728825864929
a1c0e8d7-5ed5-4354-aac0-5966a172a2a6,-1.252762968495368,0.0
a251e340-5758-4e4b-9e48-24e86cdfaf44,-0.6206676080495613,0.5498021490703711
a2afddc8-2d93-49e0-adec-418cc34cf48f,0.6931471805599454,0.18165890733394618
a2b23330-b2d4-4a55-8a91-5da757b5504e,0.22314355131420985,0.19343921246622695
a3249198-b791-4637-8509-846cdc915543,-1.252762968495368,0.5662215673785217
a3acc9a6-ede0-425e-907d-079502aebf10,-2.4849066497880012,0.7736227413614399
a3b0119a-d289-4edd-933a-f1b6c0d67356,0.4054651081081643,0.5204199795974904
a42afa7a-b581-4651-8f2c-b4d6f853be7b,-1.7917594692280545,0.9552721936128624
a44c310f-1d35-478d-a9c1-5c6d75d86bd4,0.5108256237659907,0.3706087018238463
a471d11b-f366-4b85-85c1-3219a09751a2,0.4054651081081643,0.9661746793010415
a48edaae-4acd-4746-9277-579744b68e04,-0.4604819068878329,0.6077566686010746
a4b631e3-b678-4dcb-889a-1b3541ad4034,-5.0,0.0
a4e67f48-ede2-4faa-8e38-7d0a0bf86025,-1.9459101490553132,0.2259635385751248
a4fa5a6b-8d25-48c6-8272-090d00e54d92,-0.9555114450274362,0.31581102571149416
a5057eef-8415-4709-adf6-469772c84000,-1.9459101490553132,0.0
a507f4bb-76db-44ba-ad3b-10d00adcf816,-0.8472978603872034,0.2318860300532971
a58bb3ae-f987-4e0a-842f-47aa589ebd6f,0.6931471805599454,0.3783850137357132
a5baf243-74a1-4303-8188-9e711998eecb,-0.6242983079212518,0.471549797241235
a60c62ae-516e-49a1-8b40-980480bf2433,-1.6094379124341007,0.8778149611753033
a72bebbe-3917-47be-8bf1-7d49af20069c,0.2876820724517809,0.6735432084455915
a76f5935-00b1-4bde-b711-0368e01c46e0,-0.4054651081081642,0.5372081091323616
a7a8170d-6960-4c2d-89ba-fde8cfee059a,-1.1169614273363062,0.3761627071045232
a7c56e4a-aa4b-4a23-9ce5-aa157ad8605d,-0.3746934494414106,0.5395696524824827
a7f785b7-2ef5-4e78-ab5c-398b97446317,-1.7917594692280545,0.0
a82c5590-6830-4d82-8819-7ad6e2ad22d1,-5.0,0.0
a87a68e6-28d6-41aa-bbd9-e9626e0e16d1,-0.5108256237659907,0.229016111348881
a884fd00-af5e-4610-b5f2-989229081136,0.6931471805599454,0.3142619490263284
a8de060c-906b-4510-9b5b-94386cfda06d,-2.1972245773362196,0.8538079484390587
a8ed9249-157d-46c5-88b2-6508561df3fb,-1.7047480922384253,0.22747660562499886
a9166e54-f781-4dad-b2e0-2373731167ff,5.0,0.0
a98c55f6-a5d4-46bc-bea1-7519ea6380e6,-2.1972245773362196,0.0
a9c4d040-21e4-4811-8c30-8addf93386a4,-5.0,0.0
a9d6c9cd-455a-499d-aa98-9e9225d35d25,-5.0,0.0
ab34f9ab-9a68-44b1-b569-f7064ba869b0,-1.0986122886681098,0.0
abe708ef-a55f-4511-870e-bf99c31bce73,-5.0,0.0
ac6498cd-e519-4968-9a36-e46af39551f6,0.25489224962879015,0.28471063324411616
ac7f4c12-eca6-4e2c-911b-68436a2448ec,-0.9162907318741551,0.0
ae2108ba-23ef-41cd-9a9d-575812794709,-0.5286434670827844,0.44589371104536285
ae7c86e8-039f-49f6-bb6b-e3413b9ab2bb,-0.2966874546365801,0.4081655179543938
ae80b775-8f44-43f1-bfdd-d91a6b552f8a,-5.0,0.0
aed4f1b1-56b3-4ddf-a79f-d52a7bd99cd5,-0.0,0.5644004047042536
af2970d8-8e76-4111-894d-54d9e0813ad4,-1.0986122886681098,0.06935243767992333
affd7df4-3379-43e7-b2c9-169e7aeaff5a,-0.9162907318741551,0.5112554234358878
b071fe19-e736-4be9-9580-5d992fce4ef6,1.3862943611198906,0.8530212729547815
b0b64961-1383-4a73-a197-0a20504c2b83,-0.6931471805599452,0.4075503198961868
b11c0299-f464-4f7a-95a5-0e007b6d4add,0.08223809823697235,0.2769705453738855
b20503a9-d3bd-4cfe-b325-11ccdb26d55a,-0.2097205309820693,0.31805604125771886
b21dcdd6-ef5a-426f-96c0-73c4ea02003b,-1.7917594692280545,0.7846966250129052
b22666d5-8e26-4b3b-9ddb-18fa91f239b2,-5.0,0.0
b283e24a-4b9b-46a2-82dd-bd3a797cef9d,-5.0,0.0
b2f21876-8966-4a58-b40f-9a13788e4d81,-1.6094379124341007,0.7504576565859286
b30468c7-b6b1-4f4e-97f7-dcc317074d9a,-5.0,0.0
b3119c38-f531-4a6e-b959-c01e425764de,-1.3862943611198908,0.623160518299239
b3f94df4-c969-40bb-96a0-5a31ffe50874,-0.6931471805599452,0.1472439370378152
b44870d3-32bd-41b6-bb8a-3214ccaffcb4,-0.14310084364067324,0.3348403380952232
b4a10796-9241-41c0-b282-b074f75770d8,-0.47957308026188644,0.37372228112771155
b4bf1f37-446d-4e12-b315-eef768985dc3,-5.0,0.0
b4d28411-39d8-4955-a8f4-a19ba3ac951d,-2.3978952727983702,0.7319659478720164
b4d2a488-1d05-48a1-9590-c0401319ea1f,-5.0,0.0
b4d2c799-8537-43d1-8bbb-1cc4df7e014b,0.4054651081081643,0.26525471443675824
b4d841a8-4450-4424-841c-18310d3a2514,-0.5190622858318696,0.5643460572998709
b5c79b3b-c5da-453a-ba9b-b9e95fb45ef2,0.6701576623352465,0.5482813526413579
b5f36b59-81ea-4440-9763-d705901fae12,-0.4054651081081642,0.0
b5f4561c-276c-4184-be06-23a1719ecdd4,0.2876820724517809,0.41161181084541315
b61617a7-528e-41df-8f81-5281c94a136a,-5.0,0.0
b65157e8-02b4-4db8-a2c0-e4384af16864,-1.7917594692280545,0.8883443938321856
b67705a0-4ae0-4eee-ba33-406675994e2d,-1.6486586255873819,0.440335138974655
b683ec8e-2dc6-4cea-a70c-47dd220b3791,-0.6931471805599452,0.5879365033766107
b6cc020c-7e91-4feb-ab1a-c91c71a24635,-1.6094379124341007,0.0
b6f4b394-0478-44e2-8550-91c7ddd96c9f,1.3862943611198906,0.0
b7c83746-5e9b-4b0e-8707-aca910255f69,-1.6094379124341007,0.8626431969809923
b7d1dc21-08c1-419f-b833-695bb6bad63b,-2.1972245773362196,0.0
b7d321a6-5557-4b69-b3c0-16552c4ff260,-0.0,0.4333387934567818
b81df3ba-267b-48d7-9b78-83631effe6a7,-0.4054651081081642,0.17342581942569393
b8239355-3417-4e05-8449-9513128c77f5,-1.9459101490553132,0.7661581565904012
b8fa2bae-f174-4369-9683-4a285bad96d5,-0.8329091229351043,0.24238140296332703
b9cf10d4-ebc9-412e-9c32-98ddbf6c2e61,-5.0,0.0
b9d291d2-e7b1-4638-b634-e88cc482d128,-0.6097655716208944,0.6594783831845153
ba3c4d96-e391-4c4e-a41d-87950fddbd1e,-1.3862943611198908,0.0
ba8c6be4-b353-491d-ac7c-6fa402fbb9a1,-1.9459101490553132,0.45004119576833557
ba973a13-a983-481e-b274-e967b9b63fee,0.2876820724517809,0.37639941318677256
baf01522-129c-4593-9839-c8c9ef1b2f45,-1.9459101490553132,0.8898223193705277
baf5fc0a-c959-4d9f-b57e-21bed245f24f,-1.0986122886681098,0.0
bb5cf0cc-1ed6-4342-9b63-420943f5c2ab,-0.8620138450197165,0.5650667629557613
bb5dfddc-9dbc-4cc5-9a8a-0b852985b546,0.9162907318741551,0.29022505138640053
bb83a780-18b1-434f-b30b-0208905a3786,-5.0,0.0
bcbecb1f-61df-4696-825f-56cf5df20dc8,-1.6094379124341007,0.7504576565859286
bcd53715-a3b8-444e-ac25-c39002b332da,-1.1895840668738367,0.14938030665628516
bd128b61-503c-4c9f-a9cc-ad6d7b554ace,-0.057158413839948415,0.20042062891115414
bd42ad2d-80ee-43d6-a326-238454e12eff,-1.3862943611198908,0.0
bd680355-84b5-478b-a9e9-b1285d8fbd84,-0.4418327522790394,0.2255475981109243
bd82707e-9112-41f2-80b2-e2382366a51c,-0.4054651081081642,0.0
bdb3bdc4-71e2-423f-9214-a4d2a1d9b55e,1.791759469228055,0.0
bde9d54a-b06a-42d7-a3ef-4f2b493fad85,0.38094549093384567,0.49508680983228676
bdf757a8-1c21-4209-b116-21a0fd7c4ecf,-0.0,0.5071784817939166
be5d96bc-4c4f-4dc3-b4d6-1761603ccb61,-0.4054651081081642,0.29360042731344843
be94fb9f-2a52-4aa0-b642-5f706b2b48ab,0.4700036292457356,0.18699895369811304
be99cb82-46b1-4120-801b-d3d35eec03f5,-0.4054651081081642,0.8461100476299458
beaee8e1-c40e-49f9-9964-7a044b14b3dc,-2.0794415416798353,0.7480772288368978
bf63a133-06dc-4c8c-9819-6973911a5692,-0.5978370007556204,0.41556065461504516
bf9c2ddb-734c-4569-a93e-55131ed78542,0.6931471805599454,0.0
bfeac2cd-d083-4763-81d6-fd6ead149471,-1.9459101490553132,0.7661581565904012
c0154a0b-a526-4aa3-bbb9-e435c53cbbd9,-1.5040773967762744,0.35015226726192666
c02de801-b620-4263-a080-12e0af14fb0e,-1.0986122886681098,0.7041938213232701
c06f7358-d244-4c33-a09c-2b4e7e7efc10,-5.0,0.0
c071424f-3c8e-469d-899a-ac715d374147,-0.9162907318741551,0.8451868630759377
c0801f3d-ad70-47dc-81e3-80a4263ab7e6,-2.0794415416798353,0.7154423825889838
c089d61d-cbd7-43cf-84a3-9cc9641e29e3,0.17253355042779173,0.5747766319971416
c0a07d02-b13d-4276-9bc0-dad651e2aa45,-0.5108256237659907,0.5808788958009172
c133f088-c393-403c-a515-4bc0996c2b86,-1.9459101490553132,0.892132801030513
c1cd39d5-c0e4-4681-a81b-7a713e28354b,-0.6931471805599452,0.5000464388970411
c1e28f00-0c28-499c-8696-71c08a013b4e,1.791759469228055,0.02790925862331232
c20eb59e-7cc4-4b01-9df7-ed78e8e8818b,0.2876820724517809,0.0
c292b0f0-5821-4954-8552-e7a528d6740b,0.30538164955118174,0.26837298673724447
c3046d02-629b-4ac3-924e-f5d359aae41f,-5.0,0.0
c310cc4c-3b30-464f-9bcd-d7d4c72c9ae0,0.2076393647782445,0.049059418840813065
c3263cf3-b8e8-40ef-b311-159b7da0e4da,-0.42681823257873336,0.5110390101786273
c3460c47-27d2-4ff6-aac1-df3983eacddc,-5.0,0.0
c34dce32-f583-49a0-9d1e-6e49b086331b,-1.3862943611198908,0.9579207756594382
c35a1382-690d-4e34-9998-894006339379,0.7375989431307791,0.0198473059919203
c3956446-123c-4ddc-b299-0adcf3f1f583,2.197224577336219,0.5038579149481187
c5100ecf-c361-4e3d-b5fb-fb8e5e1c4a41,0.3913803682264254,0.3287816557919934
c515d6ab-39ff-4ec4-9ca6-a03c2dda5f6d,0.8167611365271221,0.3970236934240466
c51785d8-e4b5-48de-bcfa-95b890dc2eb9,0.9162907318741551,0.0
c550cfd4-b403-4135-b946-da9ca35b7bbf,-0.028170876966696224,0.39793602736481176
c5552207-e427-4841-86db-5121fd22b18b,-1.3862943611198908,0.031192955892592203
c57d4f8e-bbac-4bd2-a326-e6530017eeb4,-5.0,0.0
c5d4b926-2d51-45de-9284-68a9ca3ed7db,-0.3732042458899428,0.5807770351425099
c6511f02-b047-47c1-aeaf-9eb8c05efcf6,-1.7917594692280545,0.8883443938321856
c688744d-c9aa-420d-922e-70b4b122fb8e,0.8622235106038793,0.4259707928367638
c71c95d8-e25b-4b2e-ae83-935d73358e75,0.6931471805599454,0.0
c7708c37-be30-4e63-b5dd-f36faf3aa626,-0.8754687373539001,0.37039325973260084
c7ac94f7-7450-4661-a3fa-674aa6de4b08,-5.0,0.0
c7b82de0-76aa-4384-8cf7-1565d5eef6f2,-5.0,0.0
c7fcb1dc-9a1c-4116-a531-789a7bec9d8e,-0.8472978603872034,0.12766886632686478
c8257e7a-bb6a-46ce-9488-eea74dc24268,-5.0,0.0
c873dd27-2850-48b7-b102-dc947c495ac3,0.11122563511022437,0.30228837204224973
c8cbb673-c258-4878-a568-21131ccc043b,-0.7037742731342315,0.5837426273753867
c91b4c34-85a9-43cc-b063-1db78174d989,-5.0,0.0
c93392ef-d7df-4f2f-a11f-0924ce2ae633,-0.6931471805599452,0.1620308611051113
c956226f-11c5-4a65-a44d-bc6654a83052,1.0986122886681098,0.3477147754648555
c97e5254-8298-4606-bf3c-7203a175f4f7,-0.6931471805599452,0.6052532574052687
c9d04e10-d269-4754-9f86-ff9ed3965f0b,-0.4054651081081642,0.09259841420347874
ca3429ea-0484-4bb9-a26b-a42975587c4f,-0.4054651081081642,0.7434172565043662
cab02d51-f5c0-4b8d-b286-cda7f5fa97b5,-0.49643688631389105,0.6705817886954367
cb0b9090-24f3-4108-896c-ed66a2220190,-5.0,0.0
cb468f12-984b-46e0-9aee-4cefe7719082,0.22314355131420985,0.43874862596208036
cbc54eb9-548e-4563-8dbb-02e4a6787519,-1.6094379124341007,0.0
cbea8747-61e4-42d7-9ccb-aa549c17d3f9,-1.6094379124341007,0.09472346864728982
cc03566d-dbf4-4075-9a03-8f6318f99010,-1.343734746701095,0.003212747299443382
cc58c2db-6bde-42cf-a768-551da38419e6,-0.5108256237659907,0.9447751522885037
cc5c9251-935e-4b6c-bcdd-d7e54de261cd,-2.1972245773362196,0.1823044475046953
cccab36f-75f3-431f-83a6-023e9cab42cd,-0.39465419200394863,0.5538926587764175
cdb5406d-ce2c-41b1-8191-cb184be3730b,-0.36111711765385573,0.4343974852272685
ce2c075a-3e69-4295-8aaf-4dab14f8ac96,0.34830669426821587,0.19035799962596817
ce2eae86-22cd-4ef8-ba41-86767ad2f073,-1.252762968495368,0.6887686870552953
cf4d9567-6d50-44c9-aeb6-e7bc08272a62,-1.5040773967762744,0.1856290130819966
cf6180d9-7616-4cff-97ff-c8fcca6e9ba9,-1.0986122886681098,0.0
cf836131-b0f7-4ecc-8148-fb3fbd2c5460,0.35943928571288225,0.4545541326452947
cfa7aef4-67ce-492f-a717-38cb206630f2,1.3862943611198906,0.3895008969327916
cfe91903-cd30-4b29-ae4c-146e1e701aea,0.1823215567939546,0.0
d03c87bf-c82c-4489-a47c-8b30deb6fe25,-0.6931471805599452,0.6531052597408905
d07885da-1bf0-4937-9f38-b75fe2770278,-0.4054651081081642,0.7456266527986277
d0d5a322-348d-4542-b046-2e3442049eb0,-0.2851789422336623,0.4385416953213408
d198f9c9-49e0-4605-8383-f861ae2cdbf4,-1.3862943611198908,0.3065313193475314
d1b122da-9948-492c-a1cd-9d5a2c786dd6,-1.6094379124341007,0.8370576437408295
d1c6f8b6-9e4b-4bb9-99bf-621ea2a4dcfd,-1.0986122886681098,0.33333849009907857
d268d5a3-36ed-41e2-abcc-359096341834,-0.0,0.26486284160767515
d29f1016-393c-42e5-9f74-baef49314e7a,0.1823215567939546,0.34439027282350815
d313de17-e30b-49bf-b978-3b92746d35e2,-1.6094379124341007,0.9583717902344266
d346ad65-b02b-4a72-8c1a-b7c41c179644,-0.06453852113757116,0.38991139808288855
d37985ec-68f4-4144-bfa8-b8753c42c9b8,-1.6094379124341007,0.8845630041556815
d38f7ae0-b98c-4296-a75c-829f8b5bc601,0.17569395160122217,0.12194960873953256
d47c7fad-a192-425b-b6c0-5ce3be3fa302,0.6931471805599454,0.04254876815448814
d489a102-dc0e-4ae7-a868-bc5c702d5934,-0.6021754023542188,0.4907148303352366
d4f8f001-4da7-473c-8be0-f75755219b4f,-0.8472978603872034,0.0
d511fc2a-85cd-42fa-987f-d9ad6effeba6,1.3862943611198906,0.6521213401198463
d53ea803-1a3a-49cd-9eea-c2d7197b4cf7,-0.6931471805599452,0.03793087063174711
d5699783-fd32-43a3-9238-ab7fc83e4f08,0.2076393647782445,0.40656655343806786
d56ed206-9984-4f9b-998b-61343185edab,-5.0,0.0
d59d9fb1-e3fe-4c72-ab70-d1b443237b8f,-0.0,0.2549604512563239
d5a73fb4-2c4a-4bbb-a04f-fe7507624b4c,-1.4552872326068425,0.0
d5c3859c-4f1a-457a-ae77-f68f290a1545,-0.2548922496287902,0.5448449126318161
d617fda1-f85d-4641-a3a2-b9863c90b6d2,-5.0,0.0
d61fb5ea-9e49-49ca-9977-75b221b9455e,0.15906469462968753,0.32787107962271766
d6301733-c09d-4fad-9005-8e9fa3964596,-1.6094379124341007,0.7504576565859286
d648f289-8d3b-44a7-85c7-571dd25b68f4,0.4054651081081643,0.0
d6c2a9f8-3c79-4465-a869-72b2411d781c,-5.0,0.0
d6d6946b-d8fc-4636-8009-74ab1fe3d748,-0.4054651081081642,0.19872317251589863
d71518fd-09db-46f1-8df5-df7ba959610b,-0.9162907318741551,0.6256006272558723
d7738769-9e5f-4db5-8164-b0c4858f1028,-0.7137664677626812,0.31847766218299434
d7a49040-9cd6-47d4-9934-38eea6a7edfc,-2.0794415416798353,0.8673526462571846
d7dcf000-7f14-4487-b130-bef3fcc178e6,-0.5108256237659907,0.2236265745130064
d8322e34-9fb0-4552-bd00-310081c9d3bf,-1.3862943611198908,0.6537155511680907
d85b163c-4b61-4035-ab00-5ad34f8175a9,-0.0,0.27484383032587273
d910b267-2034-49ce-8443-8baa18515483,-1.7917594692280545,0.0
d9439a91-e610-4e3e-a06b-cbdc19973861,-0.1923718926474559,0.3401992847242975
d9c5453f-6042-4ddd-b3ff-7235451c5441,-2.1972245773362196,0.7194977237142283
d9e3ec3d-300f-4809-b4b5-1877ca5fc770,-1.116004031379979,0.6150871645690361
d9faa7df-93e3-4806-ac19-68b3f87ce7b1,0.178691788743376,0.21812551165195782
da617fa0-e083-447f-aba1-51fddfb22658,-0.513909666302952,0.7648121702709317
dacf1c64-3dd2-408d-8483-98fd87115625,-1.3862943611198908,0.031192955892592203
db14290a-b0ab-48ff-bb9a-9e73ba2f0706,0.43286408229627893,0.47282562528443656
db5e3ffb-62cc-446c-aadc-ac725921229a,-0.4897880334733321,0.6378649014566407
db5eae88-7e61-47bb-984d-7ec239aba0cc,0.6931471805599454,0.25647340302717253
dc2784a4-7667-4f02-9148-03af13ab4e74,1.6916760106710724,0.06909818953304213
dc29c806-a5d1-44d3-b1dd-52a797bc31c9,-1.7917594692280545,0.9552721936128624
dcacfdd8-b838-40bc-a8f3-ab14cef995d4,-0.6931471805599452,0.6463053452888864
dccaf5b9-69bc-401c-b83f-3150018cdedb,0.07410797215372208,0.37634394382098546
dd105888-9453-4964-bea2-7b167fe3dc5d,-5.0,0.0
dd235f15-8fe5-4d3f-9613-85fa280a3007,0.2876820724517809,0.570742858235644
dd32da92-559d-4792-a8ad-76ac352fc0e3,-2.1972245773362196,0.8538079484390587
de3e9af7-b7c3-4415-9857-2980e2f7ae11,-0.06062462181643484,0.4529976768218831
de7042c0-81b8-4acb-8435-cc8b5ffecc05,-0.3022808718729335,0.7894604607544065
ded2c2ef-8d0f-42a2-b648-5e2c5e9c5ed4,-5.0,0.0
dee6f83c-1768-4315-97e5-5754b46f6449,-1.0930412436186543,0.521285929848792
dee92de0-83aa-48e0-b1b2-33a6f878a316,-0.4054651081081642,0.35786801243072874
df4235a3-f227-49cd-a8e7-6359096c6c9d,-0.8472978603872034,0.4075163656961647
df8b8485-f571-49e5-bbcd-790c4b943f60,-0.6931471805599452,0.0
dfc927aa-dede-4233-a1d6-f83290c97023,3.4011973816621555,0.0
dfd924d2-f036-4349-b5a3-6585e5d1b9a9,-0.8649974374866045,0.2579559671000005
dfe6acac-b425-496e-b670-433236603591,-0.5705448584676128,0.20829682151936485
e0033d86-5334-4afe-b701-db8a62d33a04,-5.0,0.0
e0245765-4ef3-4569-bc3f-92a90b2610d2,-2.3025850929940455,0.0
e06bcad2-0b29-444f-859a-95e1158ccd9a,-0.36101334553733067,0.1683070214990322
e07db4af-befe-4e78-bfc8-ba967c9a12ea,-0.5353230953663782,0.406823534969847
e099b5c1-0ffa-4740-b256-fac492ab7e02,0.2876820724517809,0.7575768202551871
e0c9d94a-62a8-402f-bd71-15f3f447b762,-5.0,0.0
e0ccdd4a-c313-44c7-88b2-d11362eca2e1,-0.6931471805599452,0.0
e1291b86-2fd3-4235-a823-e71053492af6,-1.9459101490553132,0.0
e12f4986-7af1-4713-a073-858f23c1a625,-5.0,0.0
e13f6ca1-238b-48f4-a506-3a5cbb301bb1,1.3862943611198906,0.0
e1493cd7-f893-4f7b-a29e-aec8f44a460d,-1.3862943611198908,0.10773201166269908
e14b90d5-80aa-48b3-911c-67068626d48c,-0.27456713037395286,0.6867078738168082
e18b0bdb-9722-4317-902d-1ccd362cb9ec,-1.2729656758128876,0.38604799198818385
e1e37ac7-9e71-42d0-9836-c8ea49c990c1,-2.1972245773362196,0.5225583190224992
e29bfc31-4ef1-49cc-9add-adf223005a3e,0.2876820724517809,0.0
e3dbad1b-be46-4b91-a0e8-bcb5e5f6a5f3,-0.6931471805599452,0.6149509032149703
e402334e-f539-4e28-9a26-bb7ee17073ec,0.03509131981127017,0.5965485744176212
e4067ec3-5a70-4f1a-8346-3e286f79a85d,-5.0,0.0
e420e7f0-02e5-4353-bf32-6d78af3d2e8a,0.9279867716373464,0.18122179586797071
e4638913-86da-4e6d-abd5-050b71d498f4,-1.244324099849503,0.6247411671530856
e494d3c9-9292-421f-b589-a90fe49f4bca,-2.1972245773362196,0.7720805408763036
e4b6ce02-4095-4633-a6c8-f8c0d6cfa3a4,-0.5123282536505259,0.7917222061121202
e4e0fd44-008d-4c21-a861-cc44d0faa82e,0.7183585999064412,0.3788010342241478
e4f979af-2284-4729-8964-893ca5da65d2,-0.4054651081081642,0.15143113246888065
e506939c-fed6-4aed-a046-dd2e3a7a23ce,1.0986122886681098,0.4790347265054442
e5436b1a-a9a7-4f86-9fd0-adac3f8f3f60,0.4054651081081643,0.0
e59c677a-b63d-44f5-a1b2-9d8d3efa0d55,-0.5860490450035785,0.7045011461245566
e5ea44d8-aa2f-4bc6-9e91-3620ff3d345c,-0.4054651081081642,0.0
e64d2072-d505-418a-a35a-738724445561,-5.0,0.0
e66c70c1-a603-4407-b5be-e6f047846fa9,-0.4311374631622915,0.4543741784502703
e6a66c13-8516-4070-95aa-3c9a704441d7,0.5108256237659907,0.14034645050757205
e6e3444b-ad8d-4e8b-bcb1-d200d3905451,-1.6094379124341007,0.0
e6ec8ee2-050b-4371-af99-66d5cca332e0,-0.9162907318741551,0.7656631924381195
e72f8dd7-e12f-4137-8a0c-01009298e154,-0.7467505799295127,0.6201365047382159
e78f0f4e-a0f4-4dd5-abb3-ccdadf09a3ae,-1.0986122886681098,0.6388563975647006
e7b13cd5-6c88-4b1a-b26b-f876972ed949,-1.7917594692280545,0.9453076335510089
e7b4990e-4a84-43b0-9356-0fe79ecedcaa,-0.4054651081081642,0.0
e7d51f7d-5e3f-435d-8cae-450817d22d19,1.791759469228055,0.03389098468416383
e80e79b4-e7a3-48cb-9525-878f83a4bdad,-0.6931471805599452,0.7403615381318374
e8388f23-0ef3-4f09-a028-925fda172559,-2.4849066497880012,0.12941459863196078
e84b8447-1047-4de0-a701-8eef024445d8,-0.6931471805599452,0.45757854056146724
e895ea07-ca38-4a12-bd6e-17161a7f3fb0,0.6433443580761272,0.5772598834027294
e8e970be-0720-42dd-8cf8-d40f10d1d0ed,-0.0,0.8172220290860136
e94701cd-6563-4145-a6ea-263755cb75a6,-0.08185102643032004,0.47555364435678127
e97c1589-1887-4471-b738-fb301a7930f5,-0.5465437063680698,0.297029947239551
e9c515e2-586b-49c3-a345-533149fa8adb,-0.03636764417087458,0.36935168492701725
ea27b408-58f9-4f40-bcbd-3ebbfa3285cc,0.4054651081081643,0.23685232040286142
ea827ac6-0f09-43fc-b7bd-9be4de6656d0,-5.0,0.0
eb28ae2d-94e5-45da-b3a2-fcc0837fee91,-0.4369913617549382,0.5479898998646142
ec35bcae-1094-4465-9185-bde9289b2993,0.3772942311414679,0.06647205174252427
ec4d6ee9-137c-4b78-a829-5b7014cdcd2c,-0.6931471805599452,0.42521900755126724
eca1a77c-9266-40d4-8a75-a45a1406506f,-0.5596157879354227,0.7668040115789675
ecab2b9b-a5fd-4ca3-8cb2-c1ceb194309a,-0.019858808649603037,0.5080161466658689
ed0b4166-535c-4014-8581-53b18b5f6cb9,0.6931471805599454,0.3142619490263284
ed5ba81c-09f8-489f-bb9e-0f3874bf07d3,-5.0,0.0
ed687e46-7a08-4745-8725-ca836ab23fdc,-5.0,0.0
ede18cd5-3e00-425a-aa35-86d61ff39df5,-0.6952458172168665,0.6765031882343046
ee170f28-98a2-4b7f-aee7-535fa689afd7,-5.0,0.0
ef143039-5196-435d-a87c-23ff616554cc,-2.0794415416798353,0.0
ef72dc22-04dc-463a-884a-bfb23c131f07,0.32158362412746233,0.18256202925018586
ef751d00-9e22-4d3a-82a6-7d2a13c1f158,-1.6094379124341007,0.9583717902344266
ef7bb459-56cf-4a69-9d35-622b063b36dd,-1.3862943611198908,0.043849711777243054
ef839055-273c-4ac9-aa50-c56b95f5e9a6,-0.0,0.05154214950062193
efa67572-e0f4-4f46-b7a9-af1763eb4fff,-2.1972245773362196,0.6531387572569287
f0ac0fa2-4d19-472b-ac39-c6b3b8759d4e,-1.7917594692280545,0.6638352026938801
f0b67074-20c3-4c91-aea6-ab3fc60e3cd3,0.6337237600891445,0.2128672834749633
f116ab90-013f-49c7-90ab-97441cd93664,-1.7917594692280545,0.29409132979803493
f14ac6c5-c59f-4116-825e-14171aac96e1,-0.8997292232851536,0.5680293812770889
f1f1058d-bcfd-48bb-9d77-b56dace697f5,-0.28768207245178085,0.352014187807885
f25b0108-ee2e-4067-9c0a-30bed9583d6d,0.4054651081081643,0.13218814265225792
f29994fc-cd5a-4193-916a-2d7d6ae33ef4,-0.0,0.3841988146179571
f2f8b74e-1d9b-4fc2-9034-815151feae0d,-0.5596157879354227,0.0
f321c1a9-d44e-46bb-9286-aaaa968c91a9,-0.8056251639866356,0.0
f39a74e7-109d-4642-b21c-b501f16a9b20,-5.0,0.0
f422887b-a182-4b28-b6b4-b51936740ca2,-0.6539264674066643,0.4807536715514089
f44847dd-b1c9-44a3-948a-4a50e3fdb1fa,1.6094379124341005,0.7024784786541245
f469c8e1-d89d-467a-8589-5403c88ee074,-5.0,0.0
f4737488-43c3-4282-96a4-31df96e2ac7b,-5.0,0.0
f4f55fa4-a5a9-4d4b-b26b-6b1c7adc9c28,0.747214401830221,0.26968356201804783
f52384b9-026d-4163-88fc-d3124e7b32a9,-0.9162907318741551,0.6362624865402232
f57b9a28-3220-4245-a2f8-71de1e7bd4a5,-5.0,0.0
f5e4c603-c3da-42a9-9db1-16d8f1b4544c,0.6931471805599454,0.30804766843562814
f6056ffe-35ea-483b-91c7-f7d7fff6085a,0.4054651081081643,0.3731803202152773
f65c1f12-5046-44df-b0ec-cf6df90aa3c1,-5.0,0.0
f65e4e4d-e515-47d8-99c6-fbc87f0957d3,-0.6931471805599452,0.8643489146175273
f6bce1fb-f40a-48a9-b8bb-1c3f1f83f701,-0.5108256237659907,0.5342165145014939
f7004f80-c121-4808-bdf6-4ee7bf771c74,-1.6094379124341007,0.7504576565859286
f78b0ef0-7c24-4e25-888b-15768406be15,-5.0,0.0
f79881e1-d5a8-4ed4-8c90-08dcc02fc904,-5.0,0.0
f7f50d4e-c1f8-4a6e-b53f-21ef87ad1f43,-0.44468582126144574,0.771802723266106
f82dfae0-3f57-4856-b69b-cfb86149f552,-0.6931471805599452,0.19305915007181879
f879fdbd-9927-4230-bde5-95204fd5b430,-0.672093771362113,0.5008762997583941
f8dd9e8b-8831-4cd7-8516-9a3ec2bcc4b3,0.49469624183610705,0.2677344431280623
f92b2118-a27f-4102-a7c3-9a7c3d55f00d,-0.0,0.19037538802336362
f95172f4-6e9d-4ecb-92ad-001b65571ec7,0.4054651081081643,0.06436928975087242
f985f92a-70d5-469c-8c9d-6e40b09c1ef7,-0.5108256237659907,0.23709941537521734
f991c7f3-4e12-46a1-a165-3bace0a363a2,-2.4277482359480524,0.4207585763433688
f9a6dd44-e906-46bb-80ca-bf36c670a996,-5.0,0.0
f9ab76e0-d748-4402-a4c8-4b5db2de1731,-5.0,0.0
f9fa4085-d74c-491f-90a4-e0d0b5a6d32b,-1.5040773967762744,0.8927265379676538
fa290750-51dc-4daf-8443-a4fae7613103,-1.232143681292632,0.521973365109894
fa4e9723-3b5c-4e23-8b91-d10ba661f1aa,-1.1895840668738367,0.4595220904871993
fa78cf95-f967-4726-b80d-430a5ca336e5,-0.9162907318741551,0.5340546895374242
fad9c19a-0d75-4bc1-ae52-deda2e37f414,-0.6931471805599452,0.5000464388970411
fb796569-5a17-4275-8da2-950fb99d5f18,-5.0,0.0
fbd7be05-ccf5-44e6-9765-b899179e0237,-0.25059500378944494,0.811284133187897
fc02b891-a670-4c35-92bc-09f8a84ab5d9,-0.3888966817609316,0.38236282838478525
fc0905a9-4b9e-4da0-8fbb-b95ac7cf8544,0.27193371548364165,0.10075409625805948
fc66ba3b-3bce-43fa-9b52-c038a9b5a6c7,-5.0,0.0
fc8e9da1-7b94-4172-9e4b-7dc3eba262f5,-0.6931471805599452,0.5275229752301888
fcb69dd3-ade0-4f07-beed-3f61d6ca083a,-1.0986122886681098,0.16825395498622103
fcd70638-6f90-4e40-b2da-e73a8517c2f8,0.04243060712970529,0.3202835715725672
fce3e897-a68a-45ca-b8b4-820aaebda2f4,-0.8109302162163288,0.5645999995475747
fce456a5-68a3-4da4-a983-956629f0781c,0.032789822822990956,0.6715900770044371
fcee7e61-a819-4d24-a4cb-1330760f5708,-0.4054651081081642,0.7626538038315833
fd6a3c9f-8276-4279-95fc-0418ef69fbae,-0.14953173397096384,0.20530611810049423
fda6b7e7-47a3-41b2-9dd3-71d52c8f285d,-2.1972245773362196,0.058227224311956566
fda756de-2f4d-4c88-84b0-81cbe0af3639,0.6931471805599454,0.37386270504418173
fe200585-1fe4-4aa9-a301-33dff4979985,0.21296534639845363,0.5119133852858269
fe512404-6cfd-4da3-94b3-bd9935f76a17,1.3862943611198906,0.42496048883758175
fe848c9b-eadd-4b74-acd3-d7c69add0507,-1.3862943611198908,0.0
fea86574-333a-4bc5-a554-8da3c13d004d,-0.4054651081081642,0.17342581942569393
fea992ad-3f7e-4d81-a21e-b683af5b5557,-0.5669294632925437,0.5400373154656053
feca26ce-9792-4d83-931e-9c356e9dd9b8,-2.3025850929940455,0.06963354453775854
ff2ab196-ec72-4191-baf8-82621244bf5b,-0.4054651081081642,0.3294844213514943
ffd5f115-6a3d-4b23-990e-9c2154e45efd,-1.252762968495368,0.6938918383435341
